service,setting,name,sd0,req0,sd1,req1,sd2,req2,sd3,req3,sd4,req4,sd5,req5,sd6,req6,sd7,req7,sd8,req8,sd9,req9,sd10,req10,sd11,req11,sd12,req12,sd13,req13,sd14,req14,sd15,req15,sd16,req16,sd17,req17,sd18,req18,sd19,req19,sd20,req20,sd21,req21,sd22,req22,sd23,req23,sd24,req24,sd25,req25,sd26,req26,sd27,req27,sd28,req28,sd29,req29,sd30,req30,sd31,req31,sd32,req32,sd33,req33,sd34,req34,sd35,req35,sd36,req36,sd37,req37,sd38,req38,sd39,req39,sd40,req40,sd41,req41,sd42,req42,sd43,req43,sd44,req44,sd45,req45,sd46,req46,sd47,req47,sd48,req48,sd49,req49,sd50,req50,sd51,req51,sd52,req52,sd53,req53,sd54,req54,sd55,req55,sd56,req56,sd57,req57,sd58,req58,sd59,req59,sd60,req60,sd61,req61,sd62,req62,sd63,req63,sd64,req64,sd65,req65,sd66,req66,sd67,req67,sd68,req68,sd69,req69,sd70,req70,sd71,req71,sd72,req72,sd73,req73,sd74,req74,sd75,req75,sd76,req76,sd77,req77,sd78,req78,sd79,req79,sd80,req80,sd81,req81,sd82,req82,sd83,req83,sd84,req84,sd85,req85,sd86,req86,sd87,req87,sd88,req88,sd89,req89,sd90,req90,sd91,req91,sd92,req92,sd93,req93,sd94,req94,sd95,req95,sd96,req96,sd97,req97,sd98,req98,sd99,req99,policy,change
0,G4.2.3,service0,"(2, True)","([0, 2], 0, False)","(0, False)","([0, 2], 1, True)","(1, False)","([0, 2], 1, True)","(1, False)","([0, 2], 1, True)","(2, False)","([0, 2], 0, True)","(0, False)","([0, 2], 1, False)","(1, False)","([0, 2], 0, False)","(1, True)","([2, 2], 1, True)","(0, False)","([1, 2], 0, True)","(1, False)","([0, 2], 0, True)","(0, False)","([0, 2], 0, True)","(0, False)","([0, 2], 0, False)","(2, False)","([0, 2], 0, False)","(2, False)","([0, 2], 1, True)","(2, True)","([0, 2], 1, True)","(2, True)","([0, 2], 1, True)","(2, False)","([0, 2], 0, True)","(2, True)","([0, 2], 0, False)","(2, False)","([2, 2], 1, True)","(1, False)","([0, 2], 0, False)","(2, False)","([0, 2], 1, False)","(2, True)","([0, 2], 0, True)","(2, False)","([0, 2], 0, False)","(0, True)","([0, 2], 0, True)","(2, True)","([0, 2], 0, True)","(2, False)","([1, 2], 0, False)","(2, True)","([2, 2], 0, False)","(1, False)","([0, 2], 0, False)","(1, True)","([0, 2], 1, False)","(2, True)","([0, 2], 1, True)","(2, True)","([0, 2], 0, False)","(1, True)","([2, 2], 0, True)","(1, True)","([0, 2], 0, True)","(2, False)","([0, 2], 0, False)","(2, False)","([0, 2], 0, True)","(2, True)","([0, 2], 1, True)","(2, True)","([2, 2], 0, True)","(2, False)","([0, 2], 1, False)","(2, False)","([0, 2], 0, False)","(2, False)","([2, 2], 0, False)","(1, True)","([0, 2], 0, False)","(2, False)","([0, 2], 0, False)","(2, False)","([0, 2], 0, False)","(1, True)","([0, 2], 0, True)","(0, False)","([2, 2], 1, False)","(1, True)","([0, 2], 0, True)","(2, False)","([1, 2], 0, False)","(1, False)","([0, 2], 1, False)","(0, True)","([1, 2], 0, True)","(0, True)","([1, 2], 0, False)","(1, False)","([2, 2], 0, True)","(1, True)","([2, 2], 1, False)","(2, True)","([0, 2], 1, True)","(0, False)","([2, 2], 0, True)","(1, True)","([0, 2], 1, False)","(1, True)","([0, 2], 0, False)","(2, True)","([0, 2], 0, False)","(0, True)","([0, 2], 0, True)","(2, False)","([0, 2], 0, False)","(2, False)","([2, 2], 0, True)","(2, False)","([1, 2], 0, False)","(2, True)","([1, 2], 0, True)","(0, True)","([2, 2], 1, False)","(1, False)","([1, 2], 0, True)","(2, False)","([0, 2], 0, False)","(0, False)","([0, 2], 0, False)","(1, True)","([1, 2], 0, True)","(0, False)","([2, 2], 1, False)","(2, True)","([0, 2], 1, True)","(2, False)","([0, 2], 0, False)","(2, False)","([0, 2], 0, False)","(1, True)","([0, 2], 0, False)","(0, False)","([0, 2], 0, False)","(2, True)","([0, 2], 1, False)","(2, True)","([0, 2], 1, False)","(0, False)","([0, 2], 0, True)","(1, True)","([2, 2], 0, True)","(2, False)","([2, 2], 0, True)","(1, True)","([0, 2], 0, True)","(2, True)","([0, 2], 0, True)","(0, False)","([0, 2], 1, True)","(1, False)","([1, 2], 0, False)","(2, True)","([0, 2], 0, True)","(0, False)","([0, 2], 1, True)","(1, True)","([0, 2], 0, False)","(0, True)","([0, 2], 1, True)","(2, False)","([0, 2], 0, False)","(2, False)","([1, 2], 1, False)","(0, False)","([0, 2], 1, False)","(0, True)","([0, 2], 0, False)","(2, False)","([0, 2], 1, False)","(2, True)","([0, 2], 0, False)","(2, False)","([0, 2], 0, False)","(0, False)","([1, 2], 1, True)","(2, False)","([1, 2], 1, False)","(1, True)","([0, 2], 1, True)","(2, True)","([0, 2], 0, True)","(0, True)","([0, 2], 0, False)","(2, False)","([1, 2], 0, False)","(0, True)","([0, 2], 0, True)","[0.3, 0.6]","[('sd78', 2), ('sd75', 1), ('sd32', 2), ('sd50', 2), ('sd23', 1), ('sd31', 0), ('sd47', 0), ('sd71', 0), ('sd33', 1), ('sd61', 1), ('sd26', 1), ('sd34', 1), ('sd68', 1), ('sd54', 0)]"
1,G4.2.3,service1,"(2, False)","([1, 2], 1, True)","(1, True)","([0, 2], 0, True)","(0, True)","([0, 2], 1, True)","(1, False)","([0, 2], 0, False)","(2, True)","([2, 2], 0, False)","(2, False)","([0, 2], 1, False)","(2, False)","([0, 2], 0, False)","(0, False)","([2, 2], 0, False)","(1, True)","([0, 2], 0, True)","(1, False)","([2, 2], 0, True)","(2, False)","([0, 2], 1, True)","(2, True)","([1, 2], 0, False)","(0, False)","([2, 2], 0, True)","(2, True)","([0, 2], 0, True)","(0, True)","([1, 2], 0, True)","(2, True)","([0, 2], 1, False)","(2, False)","([2, 2], 1, False)","(1, False)","([0, 2], 1, True)","(2, False)","([0, 2], 0, False)","(0, False)","([2, 2], 1, False)","(0, False)","([0, 2], 0, True)","(2, True)","([0, 2], 0, False)","(1, False)","([0, 2], 0, False)","(1, True)","([0, 2], 1, False)","(2, False)","([1, 2], 0, True)","(0, True)","([0, 2], 0, True)","(2, False)","([0, 2], 1, False)","(1, False)","([1, 2], 1, False)","(0, False)","([0, 2], 0, True)","(2, False)","([0, 2], 0, False)","(2, False)","([0, 2], 0, False)","(0, True)","([1, 2], 0, True)","(1, False)","([0, 2], 0, True)","(2, False)","([2, 2], 0, False)","(2, False)","([2, 2], 0, False)","(2, False)","([0, 2], 1, False)","(1, False)","([0, 2], 0, False)","(1, False)","([0, 2], 1, True)","(0, False)","([2, 2], 0, False)","(2, False)","([1, 2], 0, False)","(1, True)","([2, 2], 0, False)","(0, True)","([1, 2], 1, False)","(0, True)","([0, 2], 1, True)","(1, False)","([0, 2], 0, False)","(2, False)","([0, 2], 0, True)","(1, False)","([2, 2], 1, True)","(2, False)","([0, 2], 1, False)","(1, True)","([0, 2], 0, True)","(0, True)","([2, 2], 1, False)","(0, False)","([0, 2], 0, True)","(1, True)","([0, 2], 0, True)","(2, True)","([0, 2], 0, True)","(2, False)","([2, 2], 1, True)","(0, False)","([0, 2], 0, False)","(0, True)","([0, 2], 0, True)","(1, False)","([0, 2], 0, False)","(1, False)","([0, 2], 0, False)","(1, True)","([0, 2], 1, False)","(0, True)","([0, 2], 0, True)","(1, True)","([1, 2], 0, False)","(2, True)","([0, 2], 0, False)","(1, True)","([0, 2], 1, False)","(0, True)","([0, 2], 0, False)","(1, False)","([0, 2], 0, False)","(1, False)","([0, 2], 0, True)","(2, True)","([0, 2], 0, True)","(2, True)","([0, 2], 0, True)","(0, True)","([0, 2], 0, True)","(2, True)","([0, 2], 0, True)","(0, False)","([0, 2], 0, False)","(2, False)","([0, 2], 0, False)","(0, True)","([1, 2], 0, True)","(1, False)","([1, 2], 0, True)","(2, True)","([1, 2], 1, True)","(2, False)","([0, 2], 0, True)","(1, False)","([0, 2], 1, False)","(2, False)","([0, 2], 0, False)","(2, False)","([0, 2], 0, True)","(2, False)","([0, 2], 1, False)","(1, False)","([0, 2], 1, False)","(0, False)","([0, 2], 1, False)","(2, True)","([0, 2], 0, True)","(2, False)","([0, 2], 1, False)","(2, True)","([0, 2], 0, False)","(1, True)","([2, 2], 1, False)","(2, False)","([1, 2], 0, False)","(0, True)","([1, 2], 1, False)","(0, False)","([0, 2], 1, False)","(2, True)","([0, 2], 1, False)","(0, False)","([0, 2], 0, False)","(0, True)","([0, 2], 0, False)","(2, False)","([0, 2], 1, True)","(2, False)","([0, 2], 0, False)","(1, False)","([2, 2], 0, False)","(2, True)","([1, 2], 0, False)","(0, True)","([2, 2], 0, True)","(1, True)","([2, 2], 0, False)","(0, True)","([1, 2], 0, False)","(1, False)","([1, 2], 1, False)","(2, True)","([0, 2], 0, False)","[0.6, 0.9]",[]
2,G4.2.3,service2,"(0, False)","([0, 2], 0, True)","(2, False)","([0, 2], 0, False)","(1, False)","([2, 2], 1, False)","(0, True)","([2, 2], 0, False)","(2, True)","([1, 2], 0, True)","(0, False)","([2, 2], 0, True)","(2, False)","([0, 2], 0, True)","(1, False)","([2, 2], 1, True)","(2, False)","([0, 2], 0, True)","(0, True)","([0, 2], 0, False)","(0, True)","([0, 2], 0, True)","(2, True)","([0, 2], 0, False)","(2, True)","([0, 2], 1, False)","(1, False)","([0, 2], 1, False)","(1, True)","([0, 2], 0, True)","(0, True)","([1, 2], 0, True)","(2, False)","([2, 2], 0, False)","(2, False)","([0, 2], 0, False)","(1, True)","([0, 2], 0, True)","(2, False)","([0, 2], 0, True)","(2, False)","([2, 2], 0, True)","(0, True)","([0, 2], 0, True)","(2, False)","([0, 2], 1, True)","(0, True)","([0, 2], 0, True)","(1, True)","([2, 2], 1, False)","(0, False)","([2, 2], 1, False)","(2, False)","([0, 2], 0, True)","(2, True)","([1, 2], 0, False)","(2, True)","([2, 2], 0, False)","(0, True)","([2, 2], 0, True)","(2, False)","([0, 2], 0, False)","(1, False)","([0, 2], 0, False)","(1, True)","([1, 2], 0, True)","(1, True)","([0, 2], 0, True)","(1, False)","([0, 2], 0, False)","(2, False)","([0, 2], 0, False)","(2, True)","([2, 2], 0, False)","(2, True)","([0, 2], 0, False)","(2, True)","([0, 2], 0, False)","(1, False)","([0, 2], 0, False)","(2, False)","([1, 2], 1, False)","(0, True)","([2, 2], 0, True)","(2, False)","([2, 2], 0, False)","(2, True)","([0, 2], 0, False)","(2, False)","([1, 2], 0, False)","(2, False)","([0, 2], 0, True)","(0, True)","([0, 2], 0, True)","(1, True)","([0, 2], 0, False)","(2, True)","([0, 2], 0, False)","(0, True)","([0, 2], 1, False)","(0, True)","([0, 2], 0, False)","(2, True)","([2, 2], 0, True)","(0, False)","([2, 2], 0, False)","(2, True)","([0, 2], 1, True)","(1, True)","([0, 2], 0, False)","(1, False)","([2, 2], 0, True)","(0, False)","([1, 2], 0, False)","(0, False)","([0, 2], 0, False)","(2, True)","([1, 2], 0, False)","(2, True)","([0, 2], 1, True)","(2, False)","([0, 2], 0, False)","(2, True)","([2, 2], 1, True)","(0, False)","([0, 2], 1, False)","(2, False)","([0, 2], 0, False)","(2, True)","([0, 2], 1, True)","(0, False)","([0, 2], 0, True)","(0, True)","([0, 2], 1, True)","(1, False)","([0, 2], 0, True)","(0, True)","([2, 2], 0, False)","(2, True)","([0, 2], 0, False)","(1, True)","([0, 2], 0, False)","(0, False)","([1, 2], 0, False)","(1, True)","([0, 2], 1, True)","(1, True)","([0, 2], 0, True)","(2, False)","([2, 2], 0, True)","(0, True)","([0, 2], 0, False)","(2, True)","([0, 2], 0, False)","(0, True)","([0, 2], 1, True)","(0, True)","([1, 2], 0, True)","(2, False)","([2, 2], 0, False)","(1, False)","([0, 2], 0, False)","(1, True)","([0, 2], 1, True)","(0, False)","([0, 2], 0, False)","(1, False)","([0, 2], 1, True)","(2, False)","([2, 2], 0, True)","(2, True)","([2, 2], 0, True)","(1, True)","([0, 2], 1, False)","(2, False)","([0, 2], 0, True)","(2, True)","([0, 2], 0, False)","(2, False)","([0, 2], 0, False)","(0, False)","([0, 2], 0, True)","(1, True)","([0, 2], 0, False)","(2, True)","([0, 2], 1, False)","(0, True)","([1, 2], 1, False)","(0, False)","([0, 2], 1, True)","(1, True)","([0, 2], 0, True)","(0, True)","([2, 2], 1, False)","(2, True)","([1, 2], 1, False)","(1, False)","([0, 2], 0, True)","(1, True)","([2, 2], 1, False)","[0.3, 0.6]","[('sd98', 2), ('sd95', 0), ('sd21', 1), ('sd51', 1), ('sd22', 1), ('sd64', 1), ('sd66', 1), ('sd88', 1), ('sd80', 0), ('sd34', 0), ('sd86', 0), ('sd55', 0)]"
3,G4.2.3,service3,"(2, False)","([0, 2], 0, True)","(0, False)","([2, 2], 0, True)","(2, True)","([0, 2], 0, True)","(2, True)","([0, 2], 0, False)","(0, True)","([0, 2], 0, False)","(1, True)","([0, 2], 0, False)","(0, True)","([0, 2], 0, False)","(0, True)","([2, 2], 0, False)","(2, False)","([0, 2], 0, False)","(1, False)","([1, 2], 0, False)","(0, False)","([0, 2], 0, True)","(2, False)","([0, 2], 0, True)","(1, False)","([0, 2], 0, True)","(1, False)","([0, 2], 0, True)","(1, True)","([2, 2], 0, False)","(2, False)","([0, 2], 1, False)","(1, True)","([1, 2], 0, False)","(2, True)","([0, 2], 0, True)","(2, True)","([0, 2], 1, False)","(2, True)","([2, 2], 1, True)","(0, True)","([0, 2], 0, False)","(1, True)","([2, 2], 0, False)","(1, True)","([0, 2], 0, False)","(2, True)","([0, 2], 0, False)","(0, False)","([0, 2], 0, False)","(2, False)","([2, 2], 1, True)","(1, True)","([0, 2], 1, False)","(1, True)","([0, 2], 1, True)","(2, False)","([0, 2], 1, False)","(2, True)","([0, 2], 0, True)","(0, False)","([1, 2], 0, True)","(0, True)","([0, 2], 1, False)","(2, True)","([1, 2], 0, True)","(2, False)","([2, 2], 0, False)","(0, False)","([0, 2], 0, False)","(2, True)","([0, 2], 0, True)","(2, False)","([0, 2], 0, False)","(0, True)","([0, 2], 1, True)","(2, True)","([0, 2], 0, True)","(1, False)","([2, 2], 1, False)","(1, True)","([2, 2], 0, True)","(1, True)","([0, 2], 1, True)","(0, True)","([0, 2], 0, True)","(2, False)","([2, 2], 1, True)","(2, False)","([0, 2], 0, True)","(1, True)","([0, 2], 0, False)","(2, False)","([2, 2], 0, True)","(2, False)","([1, 2], 0, False)","(2, False)","([0, 2], 0, True)","(1, True)","([0, 2], 0, True)","(0, False)","([0, 2], 0, False)","(1, False)","([0, 2], 0, True)","(2, False)","([0, 2], 0, False)","(2, False)","([0, 2], 1, True)","(0, False)","([0, 2], 0, False)","(2, True)","([0, 2], 0, True)","(1, True)","([0, 2], 1, True)","(2, False)","([1, 2], 0, False)","(2, True)","([0, 2], 0, True)","(2, False)","([1, 2], 1, False)","(2, False)","([0, 2], 0, False)","(1, False)","([0, 2], 1, True)","(2, True)","([0, 2], 1, True)","(2, False)","([0, 2], 0, False)","(0, True)","([0, 2], 0, True)","(2, True)","([1, 2], 0, False)","(2, False)","([0, 2], 0, False)","(2, True)","([2, 2], 0, True)","(0, True)","([0, 2], 1, True)","(2, False)","([0, 2], 0, True)","(1, False)","([0, 2], 0, False)","(2, True)","([1, 2], 0, False)","(0, True)","([1, 2], 0, False)","(0, False)","([1, 2], 1, True)","(0, True)","([0, 2], 0, True)","(2, False)","([0, 2], 0, True)","(1, False)","([0, 2], 0, False)","(0, True)","([2, 2], 0, False)","(0, True)","([2, 2], 0, True)","(2, False)","([2, 2], 1, False)","(1, True)","([0, 2], 1, False)","(2, True)","([0, 2], 0, True)","(0, True)","([2, 2], 0, False)","(2, True)","([0, 2], 1, False)","(2, False)","([0, 2], 0, False)","(1, True)","([0, 2], 0, True)","(2, False)","([0, 2], 0, False)","(1, False)","([0, 2], 0, False)","(0, True)","([0, 2], 1, True)","(1, True)","([2, 2], 0, True)","(0, False)","([0, 2], 1, False)","(2, False)","([0, 2], 1, False)","(2, True)","([1, 2], 0, True)","(0, False)","([0, 2], 0, False)","(1, False)","([0, 2], 1, False)","(2, False)","([0, 2], 0, False)","(0, True)","([0, 2], 1, True)","(2, False)","([2, 2], 0, True)","(2, True)","([0, 2], 0, False)","(2, False)","([0, 2], 1, False)","[0.3, 0.6]",[]
4,G4.2.3,service4,"(1, True)","([0, 2], 0, False)","(0, False)","([2, 2], 0, True)","(1, True)","([0, 2], 1, False)","(2, False)","([0, 2], 0, True)","(2, False)","([1, 2], 1, False)","(2, True)","([0, 2], 1, True)","(1, True)","([0, 2], 0, True)","(0, False)","([0, 2], 0, False)","(0, False)","([0, 2], 0, True)","(2, False)","([1, 2], 0, False)","(1, False)","([0, 2], 0, True)","(1, True)","([0, 2], 0, True)","(2, False)","([0, 2], 1, True)","(2, True)","([0, 2], 0, False)","(2, False)","([2, 2], 0, False)","(1, False)","([0, 2], 0, False)","(2, True)","([0, 2], 0, True)","(1, False)","([0, 2], 0, True)","(0, False)","([0, 2], 0, False)","(2, True)","([1, 2], 0, True)","(0, True)","([1, 2], 0, False)","(2, False)","([0, 2], 0, False)","(2, False)","([1, 2], 0, False)","(2, True)","([0, 2], 0, True)","(0, False)","([0, 2], 1, False)","(0, True)","([2, 2], 1, False)","(2, False)","([2, 2], 1, False)","(1, False)","([0, 2], 0, True)","(2, True)","([0, 2], 1, False)","(1, True)","([0, 2], 1, False)","(1, False)","([0, 2], 1, True)","(1, False)","([2, 2], 1, True)","(2, False)","([0, 2], 0, True)","(0, False)","([2, 2], 0, False)","(0, False)","([0, 2], 0, True)","(2, True)","([1, 2], 1, False)","(2, False)","([1, 2], 0, True)","(2, False)","([0, 2], 0, False)","(2, False)","([2, 2], 0, False)","(2, True)","([0, 2], 1, False)","(1, True)","([0, 2], 0, False)","(2, True)","([0, 2], 0, True)","(2, True)","([0, 2], 1, True)","(0, False)","([2, 2], 0, True)","(2, False)","([1, 2], 0, False)","(2, False)","([2, 2], 0, False)","(2, True)","([0, 2], 1, False)","(0, True)","([0, 2], 1, True)","(1, True)","([1, 2], 0, True)","(1, False)","([1, 2], 0, False)","(2, True)","([0, 2], 0, False)","(1, True)","([1, 2], 1, False)","(2, False)","([0, 2], 0, True)","(1, True)","([0, 2], 1, True)","(0, False)","([0, 2], 0, False)","(0, True)","([2, 2], 0, False)","(1, False)","([2, 2], 0, False)","(2, False)","([0, 2], 0, True)","(1, True)","([1, 2], 0, True)","(2, True)","([0, 2], 0, False)","(0, False)","([1, 2], 1, False)","(1, False)","([0, 2], 1, True)","(2, True)","([0, 2], 0, True)","(2, True)","([0, 2], 0, False)","(2, True)","([1, 2], 0, False)","(1, True)","([2, 2], 0, False)","(2, False)","([2, 2], 0, True)","(2, False)","([0, 2], 0, False)","(2, True)","([0, 2], 1, False)","(1, True)","([0, 2], 0, True)","(2, False)","([0, 2], 1, False)","(1, True)","([2, 2], 0, False)","(1, True)","([1, 2], 0, True)","(2, False)","([0, 2], 0, False)","(0, True)","([0, 2], 0, False)","(0, False)","([0, 2], 0, False)","(0, False)","([2, 2], 0, True)","(0, False)","([2, 2], 1, True)","(0, True)","([0, 2], 0, True)","(2, False)","([0, 2], 1, False)","(1, False)","([2, 2], 0, True)","(1, True)","([0, 2], 0, False)","(2, False)","([0, 2], 0, False)","(2, True)","([0, 2], 0, False)","(2, True)","([0, 2], 0, False)","(1, True)","([0, 2], 0, True)","(1, False)","([0, 2], 0, False)","(1, False)","([0, 2], 0, True)","(2, False)","([2, 2], 0, True)","(2, False)","([2, 2], 0, False)","(1, False)","([0, 2], 0, True)","(2, True)","([1, 2], 0, False)","(1, False)","([0, 2], 0, True)","(1, False)","([2, 2], 0, False)","(1, True)","([2, 2], 1, True)","(1, True)","([1, 2], 1, False)","(0, False)","([1, 2], 1, True)","(0, True)","([0, 2], 0, False)","(2, False)","([0, 2], 0, False)","(2, False)","([2, 2], 0, False)","[0.3, 0.6]","[('sd55', 1), ('sd41', 1), ('sd80', 0), ('sd16', 1), ('sd6', 2), ('sd29', 2), ('sd58', 2), ('sd93', 0), ('sd95', 2), ('sd51', 0), ('sd43', 1), ('sd13', 1), ('sd36', 1), ('sd56', 2), ('sd48', 0), ('sd85', 0), ('sd53', 2), ('sd38', 1), ('sd40', 0), ('sd9', 1), ('sd33', 1)]"
5,G4.2.3,service5,"(0, True)","([0, 2], 0, True)","(1, True)","([2, 2], 1, True)","(1, True)","([0, 2], 1, False)","(0, False)","([1, 2], 0, True)","(0, False)","([0, 2], 0, True)","(0, True)","([0, 2], 1, True)","(2, True)","([0, 2], 0, False)","(2, False)","([0, 2], 0, False)","(2, True)","([0, 2], 0, True)","(1, True)","([1, 2], 0, True)","(2, True)","([0, 2], 0, False)","(0, False)","([1, 2], 0, True)","(1, True)","([1, 2], 0, False)","(2, False)","([0, 2], 0, False)","(2, False)","([2, 2], 1, False)","(2, False)","([0, 2], 0, True)","(1, True)","([1, 2], 0, True)","(2, False)","([1, 2], 0, True)","(0, True)","([0, 2], 0, True)","(0, True)","([0, 2], 0, True)","(1, False)","([0, 2], 1, True)","(2, True)","([2, 2], 1, True)","(0, False)","([2, 2], 0, False)","(1, False)","([1, 2], 0, False)","(0, False)","([0, 2], 0, True)","(2, True)","([0, 2], 0, False)","(2, True)","([1, 2], 0, False)","(2, False)","([1, 2], 1, True)","(1, True)","([1, 2], 1, True)","(2, False)","([0, 2], 1, False)","(2, True)","([1, 2], 1, True)","(1, False)","([0, 2], 0, False)","(2, False)","([0, 2], 0, False)","(2, True)","([0, 2], 1, True)","(2, True)","([1, 2], 0, True)","(0, True)","([0, 2], 0, False)","(0, False)","([2, 2], 0, False)","(1, False)","([0, 2], 0, False)","(2, False)","([1, 2], 0, False)","(2, False)","([1, 2], 1, False)","(2, True)","([0, 2], 0, True)","(1, False)","([1, 2], 0, True)","(2, False)","([0, 2], 0, True)","(2, False)","([0, 2], 0, False)","(0, False)","([2, 2], 0, False)","(1, True)","([0, 2], 0, False)","(0, False)","([0, 2], 0, False)","(2, True)","([0, 2], 0, True)","(2, True)","([1, 2], 1, False)","(0, False)","([1, 2], 1, True)","(2, True)","([0, 2], 0, False)","(1, True)","([0, 2], 0, False)","(1, True)","([2, 2], 1, False)","(1, False)","([1, 2], 0, False)","(2, True)","([0, 2], 0, False)","(2, False)","([0, 2], 0, False)","(0, True)","([0, 2], 0, False)","(2, False)","([0, 2], 1, False)","(2, True)","([0, 2], 0, False)","(1, False)","([2, 2], 1, True)","(2, False)","([0, 2], 1, True)","(1, True)","([0, 2], 1, False)","(2, False)","([2, 2], 0, True)","(2, False)","([0, 2], 0, False)","(1, True)","([2, 2], 0, False)","(2, False)","([0, 2], 0, True)","(2, False)","([0, 2], 0, True)","(1, False)","([1, 2], 1, False)","(2, True)","([0, 2], 0, False)","(1, True)","([0, 2], 0, True)","(1, True)","([2, 2], 0, False)","(2, True)","([0, 2], 0, False)","(0, False)","([0, 2], 0, False)","(2, False)","([0, 2], 0, False)","(0, False)","([1, 2], 1, True)","(2, True)","([0, 2], 1, False)","(2, False)","([0, 2], 0, False)","(0, True)","([0, 2], 0, True)","(2, True)","([2, 2], 0, True)","(2, True)","([0, 2], 1, True)","(2, True)","([1, 2], 0, True)","(0, False)","([1, 2], 1, False)","(2, True)","([0, 2], 0, False)","(2, True)","([2, 2], 1, True)","(1, False)","([0, 2], 0, False)","(1, False)","([2, 2], 0, True)","(2, False)","([0, 2], 1, True)","(2, True)","([0, 2], 1, False)","(2, False)","([0, 2], 1, False)","(2, False)","([0, 2], 1, True)","(2, True)","([0, 2], 0, False)","(2, True)","([0, 2], 1, False)","(1, True)","([0, 2], 1, False)","(2, True)","([2, 2], 0, False)","(2, False)","([0, 2], 0, True)","(2, False)","([2, 2], 0, False)","(1, True)","([0, 2], 0, True)","(2, True)","([2, 2], 0, False)","(0, True)","([0, 2], 1, True)","(2, False)","([2, 2], 0, False)","[0.3, 0.6]","[('sd69', 0), ('sd79', 1), ('sd6', 1), ('sd41', 0), ('sd23', 0), ('sd83', 1), ('sd36', 1), ('sd16', 0), ('sd65', 1), ('sd75', 1), ('sd25', 1), ('sd91', 1), ('sd44', 1), ('sd61', 2), ('sd96', 2), ('sd40', 1), ('sd21', 1), ('sd54', 1)]"
6,G4.2.3,service6,"(0, False)","([1, 2], 0, False)","(2, True)","([0, 2], 0, False)","(2, False)","([0, 2], 1, True)","(1, False)","([0, 2], 0, False)","(0, True)","([0, 2], 0, False)","(0, True)","([1, 2], 0, False)","(0, False)","([0, 2], 1, True)","(0, False)","([0, 2], 1, True)","(2, False)","([0, 2], 1, True)","(1, True)","([2, 2], 1, True)","(0, True)","([0, 2], 0, True)","(1, True)","([0, 2], 0, False)","(2, True)","([0, 2], 0, False)","(2, False)","([1, 2], 1, False)","(2, False)","([2, 2], 1, True)","(2, True)","([1, 2], 0, True)","(2, False)","([0, 2], 0, True)","(2, False)","([2, 2], 0, True)","(2, False)","([0, 2], 1, True)","(2, True)","([0, 2], 0, True)","(2, False)","([0, 2], 0, False)","(2, False)","([0, 2], 1, True)","(2, False)","([0, 2], 0, False)","(1, True)","([0, 2], 0, False)","(0, True)","([0, 2], 0, True)","(2, True)","([0, 2], 0, False)","(1, True)","([0, 2], 0, False)","(1, False)","([0, 2], 0, True)","(0, True)","([0, 2], 0, False)","(2, False)","([0, 2], 0, True)","(2, False)","([0, 2], 1, True)","(2, True)","([0, 2], 0, True)","(2, True)","([2, 2], 0, True)","(1, False)","([1, 2], 0, True)","(1, False)","([0, 2], 1, True)","(0, False)","([0, 2], 0, True)","(2, True)","([2, 2], 1, True)","(1, False)","([0, 2], 0, False)","(1, False)","([0, 2], 0, True)","(0, True)","([0, 2], 0, True)","(1, True)","([1, 2], 0, False)","(2, False)","([0, 2], 1, False)","(0, True)","([0, 2], 0, True)","(2, False)","([1, 2], 0, False)","(2, True)","([0, 2], 0, False)","(1, False)","([0, 2], 0, False)","(0, False)","([0, 2], 0, True)","(2, True)","([2, 2], 0, False)","(1, False)","([0, 2], 0, False)","(2, False)","([0, 2], 0, True)","(2, False)","([0, 2], 1, True)","(2, True)","([0, 2], 0, False)","(0, True)","([0, 2], 0, True)","(2, True)","([0, 2], 0, True)","(0, False)","([2, 2], 1, True)","(2, True)","([0, 2], 1, False)","(1, False)","([0, 2], 0, True)","(1, False)","([1, 2], 1, True)","(0, True)","([0, 2], 0, True)","(2, False)","([0, 2], 0, False)","(2, True)","([0, 2], 0, True)","(2, True)","([0, 2], 0, False)","(2, False)","([1, 2], 1, True)","(2, True)","([0, 2], 0, True)","(1, True)","([0, 2], 0, False)","(2, False)","([0, 2], 0, False)","(2, True)","([0, 2], 1, False)","(0, True)","([0, 2], 0, False)","(2, True)","([0, 2], 1, False)","(2, False)","([0, 2], 1, False)","(0, True)","([1, 2], 0, True)","(2, False)","([0, 2], 1, False)","(2, False)","([1, 2], 1, True)","(0, False)","([2, 2], 1, True)","(1, False)","([0, 2], 0, True)","(1, True)","([0, 2], 0, True)","(1, False)","([0, 2], 0, True)","(2, False)","([2, 2], 1, False)","(2, True)","([0, 2], 0, True)","(1, True)","([0, 2], 0, True)","(0, True)","([0, 2], 0, True)","(2, True)","([0, 2], 0, False)","(0, True)","([2, 2], 0, False)","(0, False)","([0, 2], 1, False)","(2, False)","([1, 2], 0, False)","(0, False)","([0, 2], 1, False)","(2, False)","([0, 2], 0, False)","(2, False)","([0, 2], 0, False)","(2, False)","([0, 2], 0, True)","(2, False)","([1, 2], 0, True)","(0, False)","([0, 2], 0, False)","(0, False)","([0, 2], 1, False)","(0, False)","([1, 2], 0, False)","(2, True)","([0, 2], 0, True)","(1, False)","([0, 2], 0, True)","(2, False)","([0, 2], 0, False)","(0, True)","([0, 2], 1, False)","(2, False)","([0, 2], 0, False)","(0, False)","([0, 2], 0, True)","(0, False)","([0, 2], 0, True)","[0.6, 0.9]",[]
7,G4.2.3,service7,"(1, True)","([1, 2], 1, True)","(0, False)","([1, 2], 1, True)","(2, True)","([1, 2], 1, False)","(0, False)","([1, 2], 0, True)","(2, False)","([0, 2], 0, True)","(2, True)","([1, 2], 0, True)","(0, True)","([0, 2], 0, False)","(2, True)","([1, 2], 1, True)","(0, True)","([0, 2], 0, False)","(2, False)","([2, 2], 0, False)","(2, False)","([0, 2], 1, False)","(1, True)","([2, 2], 0, True)","(0, True)","([1, 2], 1, True)","(2, True)","([0, 2], 0, False)","(1, True)","([0, 2], 0, False)","(0, False)","([0, 2], 0, True)","(1, False)","([0, 2], 1, False)","(2, False)","([0, 2], 0, False)","(2, False)","([1, 2], 0, True)","(0, False)","([0, 2], 1, True)","(2, False)","([0, 2], 1, False)","(1, True)","([0, 2], 1, True)","(1, False)","([0, 2], 1, False)","(2, False)","([0, 2], 0, True)","(2, False)","([0, 2], 0, True)","(2, True)","([0, 2], 0, False)","(2, False)","([0, 2], 0, False)","(1, True)","([0, 2], 0, True)","(2, True)","([1, 2], 0, True)","(2, False)","([0, 2], 0, False)","(2, True)","([1, 2], 0, True)","(0, False)","([0, 2], 0, False)","(2, False)","([0, 2], 0, True)","(2, True)","([0, 2], 0, True)","(0, False)","([1, 2], 0, False)","(0, True)","([0, 2], 0, True)","(2, False)","([0, 2], 0, False)","(1, True)","([2, 2], 0, False)","(1, True)","([0, 2], 0, True)","(2, False)","([2, 2], 0, True)","(2, False)","([0, 2], 0, True)","(0, False)","([2, 2], 0, True)","(1, True)","([0, 2], 0, False)","(2, False)","([0, 2], 0, True)","(0, True)","([1, 2], 0, False)","(1, True)","([0, 2], 0, False)","(2, False)","([1, 2], 1, True)","(1, False)","([0, 2], 0, False)","(0, False)","([0, 2], 0, False)","(2, True)","([1, 2], 1, False)","(0, False)","([0, 2], 0, True)","(0, True)","([1, 2], 0, False)","(2, True)","([0, 2], 1, False)","(2, False)","([0, 2], 0, False)","(2, True)","([2, 2], 0, True)","(2, False)","([0, 2], 0, False)","(2, True)","([2, 2], 0, False)","(2, False)","([0, 2], 0, True)","(2, False)","([0, 2], 0, True)","(2, True)","([0, 2], 0, True)","(0, False)","([0, 2], 0, True)","(2, False)","([0, 2], 0, True)","(2, True)","([2, 2], 0, False)","(0, False)","([2, 2], 1, False)","(0, True)","([2, 2], 0, True)","(0, True)","([0, 2], 0, False)","(2, True)","([0, 2], 1, False)","(1, False)","([2, 2], 0, True)","(0, True)","([1, 2], 1, True)","(2, True)","([0, 2], 0, False)","(1, False)","([0, 2], 0, False)","(2, True)","([0, 2], 0, True)","(0, True)","([0, 2], 0, True)","(2, False)","([1, 2], 1, True)","(1, False)","([0, 2], 0, True)","(1, False)","([0, 2], 0, True)","(2, True)","([0, 2], 0, True)","(2, False)","([0, 2], 1, False)","(2, False)","([1, 2], 0, True)","(2, False)","([1, 2], 0, False)","(0, False)","([0, 2], 1, True)","(0, False)","([1, 2], 0, True)","(2, False)","([0, 2], 0, False)","(1, True)","([1, 2], 0, True)","(1, True)","([0, 2], 0, True)","(2, True)","([1, 2], 1, False)","(2, False)","([1, 2], 1, False)","(2, True)","([0, 2], 0, True)","(1, True)","([0, 2], 0, False)","(0, False)","([0, 2], 0, False)","(1, True)","([1, 2], 0, False)","(1, False)","([1, 2], 1, True)","(2, False)","([0, 2], 0, True)","(2, False)","([0, 2], 0, True)","(2, False)","([2, 2], 0, False)","(0, True)","([0, 2], 0, True)","(1, False)","([0, 2], 1, False)","(1, True)","([1, 2], 1, False)","(1, True)","([0, 2], 0, True)","(2, False)","([1, 2], 0, False)","[0.3, 0.6]","[('sd44', 1), ('sd90', 0), ('sd79', 1), ('sd87', 1), ('sd47', 0), ('sd78', 1), ('sd84', 2), ('sd29', 1), ('sd54', 1), ('sd66', 1), ('sd22', 0), ('sd64', 1), ('sd0', 0), ('sd38', 0), ('sd17', 1), ('sd96', 0), ('sd91', 2), ('sd8', 1), ('sd73', 1)]"
8,G4.2.3,service8,"(2, True)","([0, 2], 0, False)","(0, False)","([0, 2], 1, True)","(2, True)","([2, 2], 0, False)","(2, False)","([2, 2], 0, False)","(0, True)","([1, 2], 0, True)","(1, False)","([2, 2], 1, False)","(1, True)","([0, 2], 0, True)","(2, True)","([0, 2], 1, True)","(2, False)","([0, 2], 1, False)","(0, False)","([2, 2], 1, True)","(2, False)","([0, 2], 0, True)","(2, False)","([0, 2], 0, True)","(1, True)","([2, 2], 1, True)","(2, True)","([0, 2], 1, False)","(2, True)","([1, 2], 0, True)","(0, True)","([0, 2], 0, True)","(0, True)","([0, 2], 0, False)","(1, True)","([1, 2], 1, True)","(1, True)","([0, 2], 0, False)","(1, True)","([0, 2], 0, False)","(1, False)","([0, 2], 0, True)","(2, False)","([0, 2], 1, True)","(2, False)","([2, 2], 0, False)","(0, False)","([0, 2], 0, True)","(1, False)","([2, 2], 1, False)","(2, True)","([0, 2], 0, True)","(2, False)","([0, 2], 1, True)","(2, True)","([1, 2], 1, True)","(1, False)","([0, 2], 1, True)","(2, True)","([2, 2], 1, False)","(0, True)","([1, 2], 0, True)","(2, False)","([0, 2], 0, False)","(2, False)","([1, 2], 0, False)","(2, False)","([0, 2], 0, False)","(0, True)","([0, 2], 1, False)","(2, True)","([2, 2], 1, False)","(0, True)","([0, 2], 0, True)","(2, True)","([0, 2], 1, True)","(1, True)","([0, 2], 0, True)","(2, True)","([2, 2], 1, True)","(2, False)","([0, 2], 1, True)","(2, True)","([0, 2], 0, True)","(1, False)","([2, 2], 0, False)","(1, True)","([0, 2], 0, True)","(0, False)","([2, 2], 1, True)","(2, False)","([0, 2], 0, True)","(2, False)","([0, 2], 1, True)","(2, True)","([2, 2], 0, True)","(2, False)","([0, 2], 0, True)","(2, True)","([1, 2], 0, True)","(2, False)","([1, 2], 0, False)","(2, True)","([0, 2], 1, True)","(1, True)","([0, 2], 0, False)","(2, True)","([0, 2], 1, False)","(2, True)","([2, 2], 0, True)","(2, True)","([0, 2], 0, True)","(2, True)","([0, 2], 0, True)","(1, False)","([0, 2], 0, False)","(0, True)","([0, 2], 0, False)","(2, False)","([0, 2], 0, True)","(2, True)","([2, 2], 0, False)","(2, False)","([1, 2], 1, True)","(2, False)","([1, 2], 1, False)","(2, True)","([0, 2], 0, False)","(2, True)","([1, 2], 1, False)","(2, True)","([0, 2], 0, False)","(2, True)","([0, 2], 0, False)","(2, True)","([0, 2], 0, True)","(0, False)","([2, 2], 0, True)","(1, False)","([1, 2], 0, False)","(2, False)","([0, 2], 0, True)","(2, False)","([0, 2], 0, True)","(0, False)","([0, 2], 0, True)","(2, True)","([0, 2], 1, False)","(0, True)","([0, 2], 0, False)","(1, False)","([2, 2], 0, False)","(1, False)","([0, 2], 0, False)","(2, False)","([0, 2], 0, False)","(2, True)","([0, 2], 0, False)","(1, False)","([0, 2], 0, False)","(1, True)","([0, 2], 1, False)","(0, True)","([2, 2], 0, True)","(2, False)","([0, 2], 1, False)","(2, False)","([1, 2], 0, False)","(2, True)","([0, 2], 0, False)","(0, False)","([0, 2], 1, False)","(2, False)","([0, 2], 0, True)","(2, False)","([0, 2], 0, True)","(2, False)","([2, 2], 0, False)","(2, True)","([0, 2], 1, False)","(2, True)","([0, 2], 1, True)","(2, False)","([0, 2], 1, False)","(0, False)","([0, 2], 0, True)","(0, False)","([1, 2], 0, False)","(0, True)","([2, 2], 0, False)","(2, True)","([1, 2], 0, False)","(0, False)","([0, 2], 0, True)","(2, False)","([2, 2], 0, True)","(0, False)","([0, 2], 1, True)","(1, False)","([0, 2], 0, False)","[0.3, 0.6]","[('sd75', 2), ('sd66', 1), ('sd86', 1), ('sd22', 1), ('sd1', 1), ('sd9', 1), ('sd98', 1), ('sd97', 1), ('sd20', 0), ('sd93', 1), ('sd68', 1), ('sd99', 2), ('sd29', 1), ('sd42', 2), ('sd52', 0)]"
9,G4.2.3,service9,"(0, True)","([0, 2], 0, True)","(1, False)","([0, 2], 0, False)","(1, False)","([0, 2], 0, False)","(0, True)","([1, 2], 1, True)","(1, False)","([2, 2], 1, True)","(2, True)","([1, 2], 0, True)","(2, True)","([0, 2], 0, False)","(2, True)","([0, 2], 1, False)","(0, False)","([0, 2], 0, True)","(0, False)","([0, 2], 0, True)","(2, False)","([0, 2], 0, True)","(2, True)","([0, 2], 0, True)","(1, True)","([2, 2], 1, False)","(0, False)","([0, 2], 0, False)","(2, False)","([2, 2], 0, True)","(0, False)","([0, 2], 0, False)","(0, False)","([0, 2], 0, True)","(1, False)","([0, 2], 0, True)","(0, True)","([0, 2], 0, False)","(0, True)","([2, 2], 0, True)","(2, True)","([0, 2], 0, False)","(1, False)","([2, 2], 0, False)","(0, False)","([0, 2], 0, False)","(2, False)","([0, 2], 0, True)","(2, False)","([0, 2], 0, True)","(2, True)","([0, 2], 0, False)","(0, True)","([1, 2], 0, False)","(2, True)","([0, 2], 0, False)","(1, False)","([1, 2], 1, False)","(0, True)","([1, 2], 0, False)","(0, True)","([0, 2], 1, False)","(2, False)","([0, 2], 1, True)","(1, True)","([2, 2], 0, False)","(2, False)","([0, 2], 0, False)","(1, False)","([0, 2], 1, False)","(2, True)","([0, 2], 1, False)","(2, False)","([0, 2], 0, False)","(0, False)","([1, 2], 0, False)","(0, True)","([0, 2], 0, False)","(0, True)","([1, 2], 1, False)","(1, True)","([0, 2], 0, True)","(1, False)","([0, 2], 0, False)","(2, True)","([1, 2], 0, False)","(2, True)","([2, 2], 1, False)","(0, True)","([0, 2], 0, False)","(0, False)","([2, 2], 0, True)","(2, True)","([0, 2], 0, True)","(1, False)","([0, 2], 1, True)","(2, True)","([0, 2], 0, False)","(2, False)","([0, 2], 0, False)","(2, False)","([1, 2], 1, True)","(2, False)","([0, 2], 0, True)","(0, True)","([0, 2], 0, False)","(1, True)","([1, 2], 1, False)","(0, True)","([0, 2], 0, False)","(0, False)","([0, 2], 0, True)","(2, True)","([0, 2], 0, False)","(1, True)","([0, 2], 1, False)","(1, True)","([1, 2], 0, True)","(1, False)","([0, 2], 0, True)","(2, False)","([0, 2], 1, True)","(2, False)","([2, 2], 1, True)","(1, True)","([2, 2], 1, False)","(2, True)","([0, 2], 1, True)","(1, True)","([1, 2], 0, True)","(0, True)","([0, 2], 0, False)","(1, True)","([0, 2], 1, False)","(1, True)","([0, 2], 0, False)","(1, False)","([2, 2], 0, False)","(2, True)","([0, 2], 0, True)","(1, True)","([2, 2], 0, False)","(2, False)","([0, 2], 0, False)","(0, True)","([2, 2], 0, True)","(0, False)","([0, 2], 0, False)","(2, False)","([0, 2], 1, True)","(0, False)","([2, 2], 0, False)","(2, True)","([0, 2], 1, False)","(2, False)","([0, 2], 0, True)","(0, True)","([0, 2], 1, False)","(2, True)","([0, 2], 1, True)","(0, True)","([0, 2], 1, True)","(2, True)","([0, 2], 1, False)","(2, False)","([2, 2], 0, True)","(2, False)","([0, 2], 0, True)","(1, False)","([0, 2], 0, True)","(1, False)","([1, 2], 0, True)","(1, True)","([0, 2], 0, True)","(2, False)","([0, 2], 0, True)","(0, False)","([2, 2], 1, True)","(2, False)","([0, 2], 1, True)","(2, True)","([0, 2], 0, True)","(0, True)","([2, 2], 0, True)","(1, False)","([0, 2], 1, True)","(1, True)","([0, 2], 0, False)","(1, False)","([0, 2], 0, True)","(2, False)","([0, 2], 0, False)","(2, True)","([0, 2], 0, False)","(0, False)","([0, 2], 0, True)","(1, False)","([0, 2], 1, False)","(2, False)","([0, 2], 0, False)","[0.3, 0.6]","[('sd67', 0), ('sd85', 2), ('sd92', 2), ('sd38', 1), ('sd9', 1), ('sd21', 2), ('sd79', 1), ('sd53', 0), ('sd58', 2), ('sd37', 1), ('sd70', 0), ('sd0', 1), ('sd10', 1), ('sd15', 1)]"
10,G4.2.3,service10,"(1, False)","([2, 2], 0, False)","(2, False)","([0, 2], 1, True)","(0, False)","([0, 2], 1, False)","(0, False)","([0, 2], 0, False)","(2, True)","([0, 2], 1, True)","(0, True)","([0, 2], 1, True)","(1, False)","([0, 2], 0, True)","(0, False)","([0, 2], 1, True)","(2, True)","([2, 2], 1, True)","(0, True)","([0, 2], 0, False)","(0, True)","([0, 2], 0, True)","(1, True)","([0, 2], 0, True)","(2, False)","([0, 2], 0, False)","(0, False)","([0, 2], 0, False)","(1, True)","([1, 2], 0, False)","(2, True)","([2, 2], 0, False)","(1, True)","([2, 2], 1, False)","(2, True)","([0, 2], 0, False)","(2, False)","([0, 2], 0, True)","(1, False)","([0, 2], 0, True)","(2, False)","([0, 2], 0, False)","(1, True)","([1, 2], 0, False)","(0, False)","([0, 2], 0, False)","(2, False)","([1, 2], 0, False)","(2, False)","([0, 2], 0, False)","(2, True)","([0, 2], 0, True)","(1, True)","([0, 2], 0, True)","(2, True)","([0, 2], 1, True)","(2, False)","([0, 2], 1, True)","(2, True)","([1, 2], 1, True)","(2, False)","([1, 2], 1, True)","(2, False)","([1, 2], 0, True)","(0, False)","([0, 2], 1, True)","(0, True)","([0, 2], 1, False)","(2, False)","([0, 2], 1, False)","(2, True)","([1, 2], 0, False)","(2, True)","([1, 2], 0, True)","(2, False)","([0, 2], 1, True)","(0, True)","([0, 2], 0, False)","(2, True)","([0, 2], 0, True)","(1, True)","([2, 2], 0, False)","(2, False)","([0, 2], 0, False)","(1, True)","([0, 2], 0, False)","(0, False)","([0, 2], 1, False)","(1, False)","([1, 2], 1, False)","(2, True)","([0, 2], 1, False)","(1, False)","([1, 2], 0, False)","(1, True)","([0, 2], 0, False)","(2, True)","([0, 2], 0, False)","(2, True)","([0, 2], 0, True)","(2, True)","([0, 2], 1, False)","(1, True)","([0, 2], 0, False)","(2, False)","([0, 2], 0, True)","(2, True)","([0, 2], 0, True)","(0, False)","([2, 2], 0, True)","(0, True)","([0, 2], 0, True)","(2, False)","([0, 2], 1, True)","(2, True)","([1, 2], 0, True)","(1, True)","([0, 2], 1, False)","(0, False)","([0, 2], 1, True)","(1, True)","([0, 2], 1, True)","(2, False)","([0, 2], 0, False)","(2, False)","([1, 2], 0, False)","(2, True)","([2, 2], 0, True)","(2, True)","([0, 2], 0, True)","(0, False)","([0, 2], 1, False)","(1, True)","([0, 2], 0, True)","(2, False)","([0, 2], 0, True)","(2, True)","([1, 2], 0, True)","(1, True)","([0, 2], 1, False)","(0, False)","([0, 2], 0, True)","(2, True)","([2, 2], 1, True)","(1, True)","([0, 2], 0, True)","(2, False)","([0, 2], 1, False)","(2, True)","([0, 2], 0, False)","(1, True)","([1, 2], 0, True)","(2, True)","([1, 2], 0, True)","(0, True)","([0, 2], 0, False)","(2, False)","([0, 2], 0, False)","(2, True)","([0, 2], 0, False)","(2, False)","([0, 2], 1, True)","(1, False)","([1, 2], 1, False)","(1, True)","([0, 2], 1, False)","(1, False)","([0, 2], 0, False)","(2, False)","([0, 2], 0, True)","(0, True)","([0, 2], 1, True)","(1, True)","([1, 2], 0, True)","(2, False)","([1, 2], 1, True)","(0, True)","([0, 2], 1, False)","(2, True)","([1, 2], 0, True)","(2, True)","([2, 2], 0, False)","(0, True)","([1, 2], 1, True)","(1, True)","([0, 2], 0, True)","(0, False)","([1, 2], 1, True)","(0, False)","([0, 2], 1, False)","(2, True)","([2, 2], 0, False)","(2, False)","([2, 2], 0, True)","(2, False)","([2, 2], 1, False)","(2, True)","([0, 2], 0, True)","(0, False)","([0, 2], 1, False)","[0.6, 0.9]",[]
11,G4.2.3,service11,"(2, True)","([0, 2], 0, False)","(2, True)","([2, 2], 0, True)","(2, True)","([0, 2], 1, False)","(1, False)","([2, 2], 0, False)","(1, True)","([1, 2], 1, True)","(2, True)","([1, 2], 0, False)","(2, False)","([0, 2], 0, False)","(0, False)","([0, 2], 1, False)","(2, True)","([0, 2], 1, True)","(0, False)","([0, 2], 0, True)","(0, False)","([1, 2], 1, False)","(1, False)","([0, 2], 1, True)","(2, False)","([2, 2], 0, True)","(0, True)","([1, 2], 0, True)","(0, False)","([0, 2], 0, True)","(2, True)","([0, 2], 0, False)","(0, True)","([1, 2], 0, False)","(2, True)","([2, 2], 1, True)","(0, True)","([0, 2], 1, False)","(2, True)","([0, 2], 0, False)","(2, False)","([0, 2], 1, True)","(2, True)","([1, 2], 0, True)","(0, False)","([0, 2], 0, True)","(1, True)","([0, 2], 1, True)","(1, False)","([0, 2], 0, True)","(0, True)","([0, 2], 1, False)","(1, False)","([0, 2], 1, True)","(2, False)","([0, 2], 0, False)","(2, False)","([0, 2], 0, False)","(0, True)","([2, 2], 1, False)","(2, True)","([1, 2], 1, False)","(2, True)","([1, 2], 0, False)","(2, False)","([1, 2], 0, True)","(2, False)","([0, 2], 0, False)","(0, False)","([0, 2], 1, False)","(2, True)","([0, 2], 0, False)","(0, True)","([0, 2], 1, True)","(2, False)","([0, 2], 0, True)","(2, True)","([0, 2], 0, False)","(1, False)","([0, 2], 0, True)","(0, False)","([2, 2], 0, False)","(2, True)","([0, 2], 1, True)","(2, True)","([2, 2], 0, True)","(0, True)","([0, 2], 0, False)","(2, False)","([0, 2], 0, False)","(1, True)","([2, 2], 0, True)","(1, False)","([0, 2], 1, False)","(0, False)","([0, 2], 0, True)","(2, False)","([0, 2], 0, False)","(0, False)","([0, 2], 1, False)","(0, True)","([1, 2], 0, True)","(1, False)","([0, 2], 0, True)","(2, False)","([1, 2], 1, True)","(0, False)","([0, 2], 0, True)","(2, False)","([0, 2], 1, False)","(1, False)","([1, 2], 0, False)","(2, False)","([2, 2], 0, True)","(2, False)","([2, 2], 1, False)","(1, True)","([2, 2], 0, True)","(1, False)","([2, 2], 0, False)","(2, True)","([0, 2], 1, False)","(2, False)","([1, 2], 0, True)","(2, False)","([0, 2], 0, True)","(1, False)","([0, 2], 0, True)","(1, False)","([2, 2], 0, False)","(1, False)","([0, 2], 1, False)","(1, False)","([0, 2], 1, False)","(1, False)","([2, 2], 0, True)","(2, False)","([0, 2], 0, False)","(2, True)","([1, 2], 1, True)","(2, False)","([0, 2], 1, True)","(1, True)","([2, 2], 0, True)","(0, False)","([0, 2], 0, True)","(2, False)","([2, 2], 1, True)","(0, False)","([0, 2], 0, False)","(1, False)","([0, 2], 0, False)","(2, True)","([0, 2], 0, True)","(1, False)","([2, 2], 0, False)","(0, False)","([0, 2], 0, True)","(2, True)","([2, 2], 0, True)","(1, True)","([2, 2], 0, False)","(2, False)","([2, 2], 0, True)","(1, False)","([2, 2], 1, True)","(1, False)","([0, 2], 0, True)","(0, True)","([0, 2], 0, True)","(0, False)","([2, 2], 1, True)","(0, False)","([2, 2], 1, False)","(2, True)","([2, 2], 0, True)","(0, True)","([0, 2], 0, False)","(2, True)","([0, 2], 0, True)","(2, True)","([0, 2], 1, True)","(2, True)","([2, 2], 0, True)","(0, False)","([1, 2], 1, False)","(2, False)","([0, 2], 1, False)","(0, False)","([1, 2], 0, False)","(0, False)","([0, 2], 0, False)","(2, True)","([0, 2], 0, True)","(0, True)","([0, 2], 1, False)","(2, True)","([0, 2], 0, True)","(0, False)","([2, 2], 0, False)","[0.3, 0.6]","[('sd97', 1), ('sd13', 1), ('sd32', 1), ('sd67', 2), ('sd19', 1), ('sd51', 2), ('sd93', 1), ('sd94', 1), ('sd73', 1), ('sd34', 1), ('sd63', 0), ('sd17', 1), ('sd21', 1), ('sd52', 1), ('sd38', 1), ('sd66', 2), ('sd4', 2), ('sd56', 1), ('sd70', 1), ('sd77', 2), ('sd55', 2), ('sd65', 2), ('sd84', 1), ('sd62', 1)]"
12,G4.2.3,service12,"(0, True)","([2, 2], 0, True)","(1, True)","([2, 2], 1, True)","(2, False)","([0, 2], 0, False)","(2, True)","([1, 2], 1, False)","(2, True)","([0, 2], 0, True)","(2, True)","([0, 2], 0, False)","(2, True)","([0, 2], 1, True)","(0, True)","([0, 2], 1, False)","(2, True)","([2, 2], 1, True)","(1, False)","([0, 2], 0, True)","(2, False)","([0, 2], 1, False)","(2, False)","([0, 2], 1, True)","(1, True)","([0, 2], 1, True)","(2, True)","([0, 2], 0, True)","(2, True)","([1, 2], 0, False)","(2, True)","([0, 2], 1, True)","(2, True)","([0, 2], 1, True)","(2, True)","([0, 2], 0, True)","(2, False)","([2, 2], 1, True)","(0, True)","([2, 2], 0, False)","(0, True)","([1, 2], 1, True)","(1, True)","([2, 2], 0, False)","(0, True)","([0, 2], 0, True)","(0, True)","([1, 2], 1, False)","(2, True)","([1, 2], 1, False)","(0, False)","([0, 2], 0, False)","(0, True)","([0, 2], 1, True)","(0, True)","([0, 2], 0, True)","(1, False)","([1, 2], 0, False)","(2, True)","([2, 2], 0, False)","(2, True)","([0, 2], 0, False)","(2, True)","([0, 2], 0, True)","(0, False)","([2, 2], 0, True)","(0, True)","([0, 2], 0, False)","(0, False)","([0, 2], 0, False)","(1, False)","([2, 2], 1, False)","(2, True)","([0, 2], 0, False)","(2, True)","([0, 2], 1, True)","(1, False)","([0, 2], 0, True)","(2, False)","([2, 2], 0, True)","(2, False)","([0, 2], 0, True)","(1, True)","([0, 2], 0, False)","(0, False)","([0, 2], 1, True)","(2, True)","([0, 2], 1, True)","(2, False)","([0, 2], 0, False)","(0, False)","([0, 2], 0, False)","(2, False)","([0, 2], 1, False)","(0, False)","([0, 2], 0, False)","(1, False)","([0, 2], 0, False)","(1, True)","([0, 2], 1, True)","(0, False)","([1, 2], 0, False)","(2, False)","([0, 2], 1, True)","(2, True)","([1, 2], 0, False)","(0, True)","([0, 2], 0, True)","(0, True)","([0, 2], 1, True)","(0, True)","([0, 2], 1, True)","(1, True)","([0, 2], 0, True)","(0, False)","([0, 2], 0, True)","(2, False)","([0, 2], 0, True)","(2, False)","([0, 2], 1, True)","(1, True)","([2, 2], 0, True)","(2, True)","([0, 2], 0, False)","(1, True)","([0, 2], 1, True)","(0, True)","([0, 2], 0, True)","(2, False)","([0, 2], 1, False)","(0, False)","([0, 2], 0, True)","(0, False)","([2, 2], 1, True)","(2, False)","([2, 2], 0, False)","(1, True)","([0, 2], 0, False)","(2, True)","([0, 2], 0, True)","(2, True)","([0, 2], 0, True)","(2, False)","([2, 2], 0, False)","(2, True)","([0, 2], 0, False)","(1, True)","([1, 2], 1, True)","(2, False)","([0, 2], 1, True)","(2, True)","([0, 2], 0, False)","(1, False)","([0, 2], 0, False)","(0, False)","([0, 2], 0, False)","(0, True)","([0, 2], 1, False)","(2, True)","([0, 2], 0, False)","(1, True)","([0, 2], 0, False)","(1, False)","([0, 2], 0, False)","(2, False)","([0, 2], 0, False)","(2, True)","([0, 2], 1, False)","(2, True)","([0, 2], 1, False)","(0, False)","([2, 2], 0, False)","(2, False)","([0, 2], 1, True)","(0, True)","([0, 2], 0, False)","(2, False)","([0, 2], 0, True)","(2, False)","([1, 2], 0, True)","(0, False)","([0, 2], 0, False)","(0, False)","([0, 2], 1, True)","(2, False)","([2, 2], 1, True)","(1, False)","([0, 2], 0, False)","(0, True)","([0, 2], 0, False)","(2, False)","([1, 2], 1, True)","(1, False)","([1, 2], 1, True)","(2, False)","([0, 2], 1, False)","(2, True)","([0, 2], 1, False)","(2, True)","([0, 2], 0, False)","[0.3, 0.6]","[('sd80', 0), ('sd90', 1), ('sd57', 1), ('sd9', 0), ('sd23', 1), ('sd15', 1), ('sd44', 1), ('sd39', 1), ('sd50', 1), ('sd48', 0), ('sd68', 2)]"
13,G4.2.3,service13,"(0, True)","([0, 2], 1, True)","(2, True)","([1, 2], 0, False)","(0, True)","([2, 2], 0, True)","(0, False)","([0, 2], 0, True)","(2, False)","([2, 2], 1, False)","(0, True)","([1, 2], 0, True)","(1, True)","([0, 2], 0, False)","(0, False)","([2, 2], 1, False)","(2, True)","([0, 2], 1, True)","(1, False)","([0, 2], 0, True)","(2, True)","([0, 2], 0, True)","(1, True)","([0, 2], 1, True)","(1, False)","([0, 2], 0, True)","(1, True)","([2, 2], 1, True)","(0, True)","([0, 2], 0, False)","(2, True)","([0, 2], 0, True)","(2, True)","([0, 2], 1, True)","(2, True)","([0, 2], 1, False)","(2, False)","([2, 2], 0, False)","(1, True)","([1, 2], 0, False)","(2, True)","([0, 2], 0, False)","(0, True)","([0, 2], 1, True)","(1, False)","([1, 2], 0, False)","(1, False)","([0, 2], 1, True)","(0, True)","([0, 2], 0, True)","(2, True)","([2, 2], 1, True)","(2, True)","([1, 2], 0, False)","(0, True)","([2, 2], 0, False)","(1, False)","([0, 2], 1, False)","(0, True)","([0, 2], 0, True)","(1, False)","([2, 2], 0, True)","(1, True)","([0, 2], 0, False)","(2, False)","([1, 2], 0, False)","(2, True)","([0, 2], 0, True)","(1, True)","([0, 2], 1, False)","(0, True)","([1, 2], 0, True)","(2, False)","([1, 2], 0, True)","(2, False)","([0, 2], 1, False)","(1, False)","([0, 2], 0, False)","(2, False)","([2, 2], 1, True)","(2, True)","([0, 2], 0, True)","(2, True)","([1, 2], 1, True)","(1, True)","([2, 2], 0, False)","(2, True)","([0, 2], 1, True)","(2, True)","([1, 2], 1, True)","(0, True)","([0, 2], 0, True)","(0, False)","([2, 2], 0, True)","(0, True)","([0, 2], 0, True)","(1, True)","([1, 2], 1, True)","(0, False)","([2, 2], 0, False)","(1, True)","([0, 2], 1, True)","(2, False)","([0, 2], 1, True)","(2, False)","([0, 2], 0, True)","(2, True)","([2, 2], 1, True)","(2, True)","([0, 2], 1, True)","(2, True)","([0, 2], 0, True)","(2, False)","([0, 2], 0, True)","(0, True)","([0, 2], 0, True)","(2, True)","([0, 2], 1, False)","(1, True)","([2, 2], 0, True)","(2, False)","([1, 2], 0, True)","(2, True)","([0, 2], 0, True)","(2, False)","([0, 2], 0, True)","(2, False)","([1, 2], 1, True)","(0, True)","([2, 2], 1, True)","(0, False)","([0, 2], 0, False)","(2, False)","([0, 2], 1, True)","(0, True)","([0, 2], 0, False)","(2, False)","([2, 2], 0, True)","(1, False)","([2, 2], 0, True)","(2, True)","([0, 2], 0, True)","(2, False)","([0, 2], 0, True)","(1, True)","([1, 2], 0, True)","(2, True)","([2, 2], 0, True)","(1, True)","([2, 2], 0, True)","(2, True)","([2, 2], 0, False)","(1, True)","([2, 2], 1, False)","(2, False)","([0, 2], 0, True)","(0, False)","([0, 2], 1, False)","(2, False)","([2, 2], 1, True)","(2, False)","([1, 2], 0, False)","(0, True)","([2, 2], 0, False)","(2, True)","([0, 2], 1, False)","(1, True)","([0, 2], 0, False)","(2, True)","([0, 2], 1, True)","(1, False)","([2, 2], 0, True)","(2, True)","([2, 2], 1, False)","(2, False)","([2, 2], 0, True)","(2, False)","([2, 2], 1, False)","(2, False)","([0, 2], 1, False)","(0, True)","([0, 2], 1, True)","(2, True)","([0, 2], 1, False)","(1, False)","([0, 2], 1, False)","(0, False)","([0, 2], 1, True)","(2, True)","([0, 2], 1, False)","(2, False)","([0, 2], 0, True)","(2, False)","([2, 2], 1, False)","(0, False)","([0, 2], 0, True)","(1, True)","([1, 2], 1, False)","(0, True)","([0, 2], 0, False)","[0.6, 0.9]","[('sd72', 0), ('sd74', 2), ('sd28', 0), ('sd5', 1), ('sd93', 1), ('sd57', 1), ('sd2', 1), ('sd25', 1), ('sd46', 1), ('sd86', 1), ('sd82', 1), ('sd45', 1), ('sd19', 0), ('sd6', 2), ('sd87', 1), ('sd24', 1), ('sd85', 2), ('sd98', 0), ('sd95', 1), ('sd83', 0), ('sd9', 2)]"
14,G4.2.3,service14,"(1, False)","([0, 2], 1, False)","(2, True)","([0, 2], 1, True)","(1, False)","([0, 2], 0, False)","(2, False)","([0, 2], 0, True)","(2, True)","([0, 2], 1, True)","(1, False)","([0, 2], 1, False)","(1, False)","([0, 2], 1, True)","(1, True)","([0, 2], 1, False)","(1, False)","([1, 2], 1, True)","(0, True)","([0, 2], 0, False)","(2, True)","([0, 2], 0, True)","(0, True)","([0, 2], 0, True)","(2, False)","([0, 2], 0, False)","(0, True)","([2, 2], 1, False)","(2, False)","([2, 2], 1, True)","(0, False)","([1, 2], 1, False)","(2, True)","([2, 2], 0, False)","(2, False)","([2, 2], 0, False)","(1, False)","([0, 2], 0, False)","(1, False)","([0, 2], 0, False)","(0, False)","([0, 2], 0, True)","(2, False)","([0, 2], 1, False)","(0, False)","([0, 2], 0, False)","(2, True)","([0, 2], 0, False)","(2, False)","([0, 2], 0, True)","(1, False)","([0, 2], 1, True)","(0, False)","([0, 2], 1, True)","(2, True)","([0, 2], 0, False)","(1, True)","([0, 2], 1, True)","(0, False)","([2, 2], 1, True)","(1, True)","([0, 2], 1, True)","(2, True)","([0, 2], 1, False)","(2, True)","([2, 2], 1, False)","(2, False)","([0, 2], 1, False)","(1, True)","([0, 2], 1, False)","(2, True)","([1, 2], 1, True)","(1, False)","([0, 2], 0, True)","(2, True)","([0, 2], 1, False)","(1, False)","([0, 2], 0, False)","(2, False)","([0, 2], 0, True)","(1, True)","([0, 2], 1, True)","(1, True)","([0, 2], 1, False)","(2, False)","([2, 2], 0, False)","(2, False)","([0, 2], 0, False)","(0, False)","([0, 2], 0, True)","(2, False)","([0, 2], 0, False)","(0, True)","([1, 2], 0, True)","(2, False)","([0, 2], 0, False)","(2, False)","([0, 2], 0, True)","(2, False)","([0, 2], 0, False)","(1, False)","([0, 2], 1, False)","(2, False)","([0, 2], 0, False)","(2, True)","([1, 2], 1, False)","(0, False)","([0, 2], 0, True)","(1, True)","([0, 2], 0, False)","(1, False)","([0, 2], 0, True)","(1, True)","([0, 2], 0, True)","(1, False)","([0, 2], 1, True)","(2, True)","([0, 2], 0, False)","(2, False)","([0, 2], 1, False)","(1, False)","([1, 2], 0, False)","(2, False)","([1, 2], 0, False)","(0, False)","([2, 2], 0, False)","(2, True)","([0, 2], 0, True)","(2, False)","([0, 2], 0, True)","(0, True)","([0, 2], 0, False)","(2, True)","([2, 2], 0, False)","(2, False)","([2, 2], 0, False)","(0, False)","([0, 2], 0, True)","(2, False)","([0, 2], 0, True)","(1, True)","([0, 2], 0, False)","(0, True)","([0, 2], 0, True)","(0, False)","([0, 2], 1, True)","(0, True)","([2, 2], 0, True)","(1, False)","([0, 2], 0, False)","(0, False)","([0, 2], 0, False)","(2, True)","([0, 2], 0, True)","(2, True)","([0, 2], 1, True)","(2, False)","([0, 2], 1, True)","(2, False)","([0, 2], 0, False)","(0, False)","([2, 2], 1, True)","(2, False)","([1, 2], 0, False)","(0, True)","([2, 2], 0, False)","(2, False)","([0, 2], 0, False)","(2, False)","([2, 2], 1, False)","(2, False)","([1, 2], 1, True)","(2, False)","([0, 2], 0, False)","(0, True)","([1, 2], 0, False)","(0, False)","([1, 2], 0, False)","(2, False)","([1, 2], 0, False)","(1, True)","([2, 2], 1, True)","(1, True)","([2, 2], 0, False)","(0, False)","([0, 2], 0, False)","(2, False)","([2, 2], 0, False)","(0, False)","([0, 2], 1, False)","(2, False)","([0, 2], 0, False)","(2, False)","([1, 2], 0, False)","(0, False)","([0, 2], 0, False)","(2, True)","([0, 2], 1, True)","(2, False)","([1, 2], 0, False)","[0.6, 0.9]","[('sd86', 1), ('sd98', 1), ('sd0', 0), ('sd12', 1), ('sd40', 0), ('sd48', 1), ('sd38', 2), ('sd55', 0), ('sd29', 1), ('sd41', 0), ('sd90', 2), ('sd76', 1), ('sd85', 1)]"
15,G4.2.3,service15,"(0, True)","([2, 2], 1, True)","(2, False)","([0, 2], 0, False)","(2, True)","([0, 2], 1, True)","(0, True)","([0, 2], 0, False)","(0, False)","([0, 2], 0, True)","(2, False)","([0, 2], 0, True)","(0, False)","([0, 2], 1, False)","(0, False)","([0, 2], 0, True)","(2, True)","([1, 2], 1, True)","(0, True)","([2, 2], 0, False)","(2, True)","([0, 2], 1, False)","(1, False)","([0, 2], 0, False)","(2, False)","([0, 2], 0, True)","(2, True)","([0, 2], 0, False)","(0, True)","([0, 2], 0, False)","(0, False)","([0, 2], 1, True)","(1, False)","([0, 2], 1, True)","(1, True)","([0, 2], 1, False)","(0, False)","([2, 2], 0, False)","(0, False)","([0, 2], 1, False)","(2, True)","([0, 2], 0, False)","(0, True)","([0, 2], 0, True)","(0, True)","([2, 2], 0, False)","(2, False)","([0, 2], 0, False)","(2, False)","([0, 2], 0, True)","(2, False)","([0, 2], 0, False)","(2, False)","([0, 2], 0, True)","(2, False)","([0, 2], 1, False)","(2, False)","([0, 2], 0, True)","(2, True)","([2, 2], 1, False)","(2, False)","([0, 2], 0, True)","(1, False)","([0, 2], 1, False)","(1, False)","([1, 2], 0, False)","(2, False)","([0, 2], 0, False)","(2, False)","([0, 2], 0, True)","(0, True)","([0, 2], 1, True)","(0, False)","([0, 2], 1, True)","(1, True)","([0, 2], 0, True)","(2, False)","([0, 2], 1, True)","(0, True)","([0, 2], 1, False)","(2, False)","([0, 2], 0, True)","(0, False)","([1, 2], 0, False)","(0, True)","([0, 2], 0, False)","(2, True)","([0, 2], 0, True)","(0, False)","([0, 2], 0, False)","(2, True)","([0, 2], 1, False)","(1, False)","([1, 2], 1, True)","(0, False)","([0, 2], 1, False)","(2, True)","([0, 2], 1, True)","(0, False)","([0, 2], 0, False)","(2, True)","([1, 2], 1, False)","(2, False)","([0, 2], 0, True)","(2, True)","([0, 2], 0, False)","(2, False)","([0, 2], 0, True)","(2, True)","([0, 2], 1, True)","(1, True)","([0, 2], 0, False)","(2, False)","([0, 2], 0, False)","(1, False)","([0, 2], 0, False)","(2, False)","([2, 2], 0, True)","(0, True)","([1, 2], 0, False)","(2, True)","([0, 2], 0, True)","(2, False)","([0, 2], 0, False)","(1, False)","([0, 2], 0, True)","(2, False)","([0, 2], 1, True)","(0, True)","([0, 2], 0, False)","(2, False)","([1, 2], 0, True)","(1, True)","([2, 2], 0, False)","(1, False)","([0, 2], 0, True)","(1, False)","([0, 2], 0, False)","(1, True)","([1, 2], 1, True)","(2, True)","([0, 2], 0, True)","(1, True)","([0, 2], 0, False)","(1, True)","([0, 2], 0, False)","(1, False)","([2, 2], 0, False)","(1, True)","([0, 2], 0, False)","(0, False)","([0, 2], 1, True)","(0, False)","([0, 2], 0, True)","(2, False)","([2, 2], 0, False)","(2, True)","([1, 2], 0, True)","(1, False)","([0, 2], 0, True)","(1, True)","([2, 2], 1, False)","(0, False)","([0, 2], 1, False)","(2, True)","([0, 2], 1, False)","(1, True)","([0, 2], 1, False)","(0, False)","([0, 2], 0, False)","(2, True)","([2, 2], 0, False)","(0, True)","([0, 2], 0, False)","(1, False)","([0, 2], 1, True)","(2, True)","([1, 2], 0, False)","(0, True)","([0, 2], 1, False)","(2, True)","([0, 2], 0, True)","(2, True)","([0, 2], 1, True)","(0, True)","([1, 2], 0, False)","(2, False)","([0, 2], 0, True)","(0, False)","([1, 2], 0, False)","(1, False)","([0, 2], 0, True)","(2, True)","([0, 2], 1, False)","(2, False)","([1, 2], 0, True)","(1, True)","([0, 2], 0, True)","(2, False)","([0, 2], 1, True)","[0.6, 0.9]","[('sd55', 2), ('sd67', 2), ('sd65', 1), ('sd27', 1), ('sd62', 0), ('sd95', 2), ('sd86', 1), ('sd37', 0), ('sd90', 1), ('sd73', 2), ('sd75', 1), ('sd50', 1), ('sd71', 2), ('sd74', 2)]"
16,G4.2.3,service16,"(2, False)","([2, 2], 0, False)","(0, False)","([0, 2], 1, False)","(1, False)","([0, 2], 0, False)","(1, False)","([0, 2], 0, False)","(1, True)","([0, 2], 1, False)","(0, False)","([2, 2], 1, False)","(2, False)","([0, 2], 0, False)","(0, False)","([0, 2], 1, True)","(2, True)","([0, 2], 1, False)","(1, True)","([0, 2], 1, True)","(2, True)","([0, 2], 1, True)","(2, False)","([0, 2], 0, False)","(2, False)","([0, 2], 0, False)","(2, False)","([0, 2], 0, True)","(2, False)","([0, 2], 1, True)","(1, True)","([0, 2], 0, False)","(1, True)","([0, 2], 0, False)","(1, False)","([0, 2], 0, True)","(1, True)","([0, 2], 0, True)","(2, False)","([2, 2], 0, True)","(2, False)","([0, 2], 0, False)","(2, False)","([1, 2], 0, True)","(2, True)","([1, 2], 1, True)","(2, False)","([1, 2], 0, False)","(2, True)","([0, 2], 1, True)","(2, False)","([0, 2], 1, True)","(1, False)","([0, 2], 0, False)","(2, True)","([0, 2], 0, False)","(1, False)","([0, 2], 0, False)","(2, True)","([0, 2], 0, False)","(0, False)","([0, 2], 0, False)","(1, False)","([1, 2], 0, True)","(0, True)","([0, 2], 0, False)","(0, False)","([0, 2], 0, False)","(0, True)","([0, 2], 0, True)","(0, True)","([0, 2], 0, True)","(2, True)","([0, 2], 0, False)","(0, True)","([2, 2], 0, True)","(1, True)","([2, 2], 0, True)","(0, False)","([1, 2], 0, False)","(2, True)","([0, 2], 1, False)","(2, False)","([2, 2], 1, True)","(1, False)","([0, 2], 1, True)","(0, False)","([0, 2], 0, True)","(2, False)","([0, 2], 0, False)","(0, True)","([1, 2], 0, True)","(1, True)","([0, 2], 0, False)","(0, True)","([0, 2], 0, True)","(0, False)","([0, 2], 0, True)","(0, False)","([2, 2], 1, True)","(1, False)","([0, 2], 0, False)","(2, True)","([1, 2], 1, True)","(1, False)","([0, 2], 0, True)","(1, False)","([0, 2], 0, False)","(1, True)","([0, 2], 1, False)","(1, True)","([0, 2], 0, True)","(2, False)","([0, 2], 0, True)","(2, True)","([0, 2], 0, False)","(2, False)","([1, 2], 0, False)","(0, True)","([0, 2], 0, True)","(2, False)","([0, 2], 1, True)","(2, True)","([2, 2], 1, False)","(2, False)","([2, 2], 0, True)","(2, False)","([0, 2], 0, False)","(0, False)","([0, 2], 0, True)","(1, True)","([0, 2], 0, False)","(2, False)","([2, 2], 0, True)","(2, False)","([0, 2], 1, False)","(1, True)","([0, 2], 1, True)","(0, False)","([0, 2], 1, True)","(1, False)","([2, 2], 0, False)","(1, False)","([1, 2], 0, False)","(0, True)","([1, 2], 1, False)","(1, True)","([0, 2], 1, True)","(0, True)","([0, 2], 0, False)","(2, True)","([0, 2], 0, True)","(0, True)","([0, 2], 1, False)","(0, False)","([0, 2], 0, False)","(0, True)","([0, 2], 0, False)","(2, False)","([0, 2], 0, True)","(2, True)","([0, 2], 1, False)","(2, False)","([1, 2], 1, True)","(0, False)","([1, 2], 0, True)","(2, False)","([0, 2], 0, True)","(1, False)","([1, 2], 0, True)","(0, False)","([0, 2], 1, True)","(2, False)","([1, 2], 0, False)","(1, False)","([0, 2], 0, False)","(2, True)","([2, 2], 1, False)","(2, True)","([2, 2], 0, True)","(0, False)","([0, 2], 0, True)","(0, True)","([2, 2], 0, True)","(2, False)","([0, 2], 1, False)","(0, True)","([0, 2], 1, True)","(2, False)","([0, 2], 0, False)","(2, False)","([0, 2], 0, False)","(1, True)","([0, 2], 1, False)","(1, True)","([0, 2], 1, False)","(0, False)","([0, 2], 0, True)","(2, True)","([0, 2], 0, True)","[0.6, 0.9]",[]
17,G4.2.3,service17,"(2, False)","([0, 2], 0, True)","(0, False)","([0, 2], 0, False)","(2, True)","([0, 2], 1, True)","(1, False)","([0, 2], 0, False)","(2, True)","([0, 2], 1, True)","(2, False)","([1, 2], 1, True)","(0, False)","([1, 2], 0, False)","(1, True)","([0, 2], 0, True)","(1, True)","([2, 2], 0, False)","(2, False)","([0, 2], 1, False)","(1, True)","([1, 2], 0, True)","(2, True)","([0, 2], 0, True)","(2, True)","([0, 2], 0, False)","(0, False)","([0, 2], 1, True)","(2, False)","([0, 2], 0, False)","(1, False)","([2, 2], 0, True)","(1, True)","([0, 2], 1, True)","(0, False)","([0, 2], 0, False)","(1, False)","([0, 2], 1, True)","(2, True)","([1, 2], 1, False)","(1, True)","([1, 2], 0, True)","(1, True)","([1, 2], 0, False)","(2, True)","([2, 2], 0, True)","(2, True)","([0, 2], 0, False)","(2, True)","([0, 2], 0, True)","(2, True)","([2, 2], 0, True)","(1, False)","([0, 2], 0, True)","(2, False)","([1, 2], 0, False)","(1, False)","([2, 2], 0, True)","(1, False)","([0, 2], 1, True)","(1, True)","([0, 2], 0, True)","(2, True)","([0, 2], 1, True)","(2, True)","([0, 2], 0, False)","(2, True)","([0, 2], 0, True)","(0, True)","([2, 2], 0, False)","(2, False)","([0, 2], 1, True)","(2, False)","([2, 2], 1, False)","(2, True)","([0, 2], 0, True)","(0, True)","([1, 2], 1, True)","(2, False)","([1, 2], 0, False)","(2, True)","([0, 2], 0, True)","(1, False)","([0, 2], 0, True)","(0, False)","([2, 2], 1, True)","(2, False)","([0, 2], 0, False)","(1, True)","([1, 2], 0, True)","(1, True)","([0, 2], 0, False)","(2, False)","([1, 2], 1, False)","(2, True)","([0, 2], 1, False)","(1, False)","([0, 2], 0, False)","(0, False)","([0, 2], 1, True)","(2, True)","([0, 2], 0, False)","(2, True)","([2, 2], 0, True)","(0, False)","([0, 2], 0, True)","(2, True)","([2, 2], 0, False)","(2, False)","([0, 2], 1, False)","(0, False)","([0, 2], 0, True)","(2, False)","([0, 2], 1, False)","(2, False)","([0, 2], 0, False)","(2, True)","([0, 2], 0, False)","(2, True)","([0, 2], 0, True)","(1, True)","([2, 2], 0, True)","(2, False)","([2, 2], 1, False)","(2, False)","([2, 2], 0, False)","(0, True)","([0, 2], 0, True)","(2, False)","([1, 2], 0, False)","(1, True)","([0, 2], 1, True)","(2, False)","([0, 2], 0, True)","(2, True)","([0, 2], 0, False)","(0, True)","([0, 2], 0, True)","(2, False)","([0, 2], 0, True)","(0, False)","([0, 2], 1, False)","(2, True)","([0, 2], 0, False)","(2, True)","([2, 2], 0, False)","(2, True)","([0, 2], 1, False)","(2, False)","([2, 2], 0, False)","(2, True)","([1, 2], 0, True)","(1, True)","([2, 2], 0, True)","(1, False)","([2, 2], 0, True)","(2, False)","([2, 2], 0, True)","(2, False)","([0, 2], 1, False)","(2, True)","([0, 2], 0, False)","(0, True)","([0, 2], 0, False)","(2, False)","([0, 2], 0, True)","(0, False)","([2, 2], 0, False)","(1, True)","([0, 2], 0, True)","(1, True)","([1, 2], 0, False)","(2, False)","([2, 2], 0, True)","(2, False)","([0, 2], 0, True)","(2, True)","([1, 2], 0, False)","(0, True)","([2, 2], 1, True)","(2, True)","([0, 2], 1, True)","(2, True)","([0, 2], 0, True)","(2, False)","([2, 2], 1, True)","(2, True)","([0, 2], 0, True)","(2, True)","([0, 2], 0, True)","(2, True)","([0, 2], 1, True)","(0, False)","([2, 2], 0, False)","(2, True)","([0, 2], 0, False)","(2, True)","([1, 2], 0, True)","(2, True)","([0, 2], 1, True)","[0.3, 0.6]","[('sd8', 0), ('sd19', 1), ('sd2', 1), ('sd91', 1), ('sd77', 0), ('sd30', 0), ('sd94', 1), ('sd79', 1), ('sd76', 0), ('sd64', 1), ('sd67', 1), ('sd52', 1), ('sd11', 1), ('sd38', 1), ('sd89', 1), ('sd12', 1)]"
18,G4.2.3,service18,"(2, True)","([1, 2], 0, False)","(2, True)","([0, 2], 1, False)","(0, True)","([0, 2], 0, True)","(2, True)","([2, 2], 0, True)","(2, False)","([0, 2], 0, True)","(2, False)","([0, 2], 1, False)","(2, True)","([0, 2], 1, True)","(2, True)","([0, 2], 0, True)","(2, True)","([0, 2], 1, True)","(0, False)","([2, 2], 0, False)","(1, False)","([1, 2], 1, False)","(0, False)","([1, 2], 0, True)","(2, False)","([0, 2], 1, False)","(0, True)","([0, 2], 0, True)","(0, True)","([2, 2], 0, True)","(1, False)","([1, 2], 0, True)","(0, True)","([0, 2], 1, True)","(1, True)","([1, 2], 1, False)","(0, False)","([0, 2], 1, False)","(0, True)","([0, 2], 1, False)","(1, False)","([1, 2], 1, True)","(2, False)","([1, 2], 1, True)","(0, False)","([2, 2], 1, False)","(2, False)","([0, 2], 0, True)","(2, True)","([1, 2], 1, True)","(0, False)","([1, 2], 0, False)","(2, False)","([0, 2], 0, False)","(1, True)","([0, 2], 1, False)","(2, False)","([0, 2], 0, False)","(2, False)","([1, 2], 1, True)","(1, True)","([0, 2], 0, False)","(2, True)","([0, 2], 0, False)","(0, True)","([0, 2], 0, True)","(2, False)","([0, 2], 1, True)","(2, True)","([0, 2], 1, True)","(1, True)","([2, 2], 0, True)","(1, False)","([0, 2], 0, True)","(0, True)","([0, 2], 0, True)","(2, True)","([0, 2], 1, False)","(0, True)","([1, 2], 0, False)","(2, False)","([0, 2], 1, False)","(2, True)","([0, 2], 0, True)","(0, True)","([2, 2], 0, False)","(1, False)","([2, 2], 0, False)","(1, False)","([0, 2], 0, True)","(2, False)","([0, 2], 1, False)","(0, False)","([2, 2], 1, False)","(2, True)","([1, 2], 0, True)","(2, True)","([0, 2], 0, False)","(0, True)","([0, 2], 1, True)","(2, True)","([0, 2], 0, False)","(2, False)","([0, 2], 0, True)","(2, False)","([0, 2], 0, True)","(1, True)","([0, 2], 0, False)","(2, True)","([0, 2], 0, False)","(2, False)","([0, 2], 1, True)","(2, False)","([0, 2], 0, True)","(0, False)","([0, 2], 0, False)","(2, True)","([0, 2], 0, True)","(1, True)","([0, 2], 0, False)","(0, False)","([0, 2], 0, False)","(1, True)","([0, 2], 1, False)","(2, True)","([0, 2], 0, True)","(1, True)","([0, 2], 1, False)","(1, False)","([0, 2], 0, False)","(1, True)","([0, 2], 1, False)","(2, False)","([1, 2], 1, False)","(2, False)","([0, 2], 1, False)","(2, False)","([0, 2], 0, False)","(0, True)","([1, 2], 1, False)","(2, True)","([0, 2], 0, True)","(1, True)","([2, 2], 1, True)","(2, False)","([0, 2], 1, False)","(2, True)","([1, 2], 0, False)","(0, False)","([1, 2], 0, True)","(2, True)","([0, 2], 1, False)","(1, True)","([0, 2], 0, True)","(1, False)","([0, 2], 1, False)","(0, True)","([0, 2], 0, True)","(2, False)","([0, 2], 0, False)","(2, False)","([0, 2], 0, False)","(1, False)","([0, 2], 0, False)","(1, True)","([0, 2], 0, False)","(0, False)","([0, 2], 0, False)","(2, True)","([0, 2], 0, True)","(0, True)","([0, 2], 1, True)","(2, False)","([1, 2], 0, False)","(2, True)","([1, 2], 0, True)","(2, True)","([0, 2], 0, True)","(2, False)","([2, 2], 0, False)","(0, True)","([0, 2], 0, True)","(2, False)","([0, 2], 0, True)","(2, False)","([0, 2], 0, False)","(1, False)","([0, 2], 1, False)","(1, False)","([2, 2], 0, True)","(2, False)","([0, 2], 0, True)","(2, True)","([2, 2], 0, False)","(2, True)","([1, 2], 0, True)","(0, False)","([0, 2], 0, True)","(2, False)","([1, 2], 0, True)","[0.6, 0.9]","[('sd77', 2), ('sd43', 0), ('sd61', 2), ('sd63', 2), ('sd76', 2), ('sd87', 1), ('sd94', 2), ('sd12', 1), ('sd40', 1), ('sd35', 0), ('sd30', 2), ('sd33', 1)]"
19,G4.2.3,service19,"(0, True)","([0, 2], 1, True)","(2, True)","([0, 2], 1, True)","(2, False)","([0, 2], 0, False)","(2, True)","([0, 2], 1, False)","(1, False)","([0, 2], 1, False)","(0, False)","([0, 2], 0, True)","(2, False)","([1, 2], 0, True)","(2, False)","([0, 2], 0, False)","(2, True)","([0, 2], 0, True)","(2, True)","([0, 2], 0, True)","(2, False)","([0, 2], 0, True)","(2, False)","([0, 2], 1, False)","(2, True)","([0, 2], 1, True)","(1, False)","([0, 2], 1, False)","(2, True)","([2, 2], 0, True)","(2, True)","([0, 2], 0, True)","(1, True)","([2, 2], 0, True)","(2, True)","([0, 2], 0, True)","(0, False)","([0, 2], 1, True)","(0, False)","([2, 2], 1, False)","(2, True)","([0, 2], 0, True)","(2, True)","([0, 2], 0, True)","(2, True)","([0, 2], 1, False)","(1, False)","([1, 2], 0, True)","(0, True)","([0, 2], 1, True)","(2, False)","([0, 2], 0, False)","(0, False)","([2, 2], 1, False)","(2, True)","([0, 2], 1, True)","(0, False)","([2, 2], 0, True)","(0, False)","([1, 2], 0, False)","(1, True)","([1, 2], 1, False)","(2, False)","([0, 2], 0, False)","(2, False)","([0, 2], 0, True)","(2, False)","([0, 2], 0, True)","(1, False)","([0, 2], 1, False)","(2, False)","([1, 2], 0, True)","(1, False)","([0, 2], 0, False)","(2, False)","([0, 2], 1, False)","(2, False)","([0, 2], 1, False)","(2, True)","([0, 2], 0, True)","(0, True)","([0, 2], 0, False)","(1, True)","([0, 2], 1, False)","(2, True)","([2, 2], 0, False)","(1, False)","([0, 2], 1, False)","(2, False)","([0, 2], 0, True)","(2, True)","([1, 2], 0, False)","(1, False)","([0, 2], 0, True)","(1, False)","([0, 2], 0, True)","(2, True)","([0, 2], 0, True)","(0, False)","([0, 2], 1, False)","(2, True)","([1, 2], 0, False)","(0, True)","([1, 2], 0, True)","(2, True)","([2, 2], 0, False)","(0, True)","([1, 2], 0, True)","(2, True)","([0, 2], 0, True)","(1, False)","([2, 2], 0, False)","(1, True)","([2, 2], 0, False)","(2, False)","([0, 2], 0, True)","(0, False)","([2, 2], 0, True)","(1, True)","([0, 2], 0, True)","(2, False)","([0, 2], 0, True)","(2, True)","([1, 2], 0, True)","(1, False)","([0, 2], 0, False)","(2, True)","([1, 2], 0, False)","(0, False)","([2, 2], 0, True)","(0, False)","([2, 2], 1, True)","(2, True)","([1, 2], 1, True)","(0, False)","([0, 2], 0, False)","(2, True)","([0, 2], 0, False)","(0, True)","([0, 2], 0, False)","(0, False)","([0, 2], 0, True)","(0, False)","([0, 2], 0, True)","(1, True)","([1, 2], 1, True)","(1, False)","([0, 2], 1, True)","(2, True)","([2, 2], 1, True)","(2, False)","([0, 2], 1, True)","(2, True)","([1, 2], 0, False)","(2, True)","([0, 2], 1, True)","(1, False)","([1, 2], 0, True)","(2, False)","([0, 2], 0, True)","(0, False)","([0, 2], 0, True)","(2, True)","([0, 2], 0, True)","(2, False)","([1, 2], 1, False)","(0, True)","([0, 2], 0, True)","(0, True)","([1, 2], 1, True)","(2, False)","([0, 2], 1, False)","(2, True)","([0, 2], 1, True)","(0, False)","([0, 2], 0, False)","(1, True)","([0, 2], 1, False)","(0, False)","([0, 2], 1, False)","(0, False)","([0, 2], 0, True)","(2, False)","([2, 2], 0, True)","(0, False)","([2, 2], 1, False)","(1, False)","([0, 2], 0, False)","(1, False)","([0, 2], 0, True)","(1, True)","([0, 2], 0, True)","(2, True)","([0, 2], 0, True)","(2, True)","([2, 2], 1, True)","(1, False)","([2, 2], 0, True)","(2, False)","([0, 2], 0, True)","[0.3, 0.6]","[('sd86', 1), ('sd13', 0), ('sd74', 1), ('sd43', 0), ('sd11', 1), ('sd65', 1), ('sd55', 2), ('sd36', 0), ('sd24', 1), ('sd15', 1), ('sd41', 2), ('sd60', 1), ('sd73', 2), ('sd44', 1), ('sd47', 0), ('sd23', 2), ('sd34', 2), ('sd59', 0)]"
20,G4.2.3,service20,"(2, False)","([1, 2], 1, True)","(2, False)","([0, 2], 0, True)","(2, True)","([0, 2], 0, False)","(0, True)","([0, 2], 0, True)","(2, False)","([0, 2], 1, True)","(2, True)","([1, 2], 0, False)","(2, True)","([0, 2], 0, True)","(1, True)","([1, 2], 0, True)","(2, True)","([2, 2], 0, True)","(0, True)","([0, 2], 0, False)","(2, False)","([0, 2], 0, False)","(1, False)","([0, 2], 1, False)","(2, True)","([0, 2], 0, True)","(0, True)","([0, 2], 1, True)","(2, False)","([0, 2], 1, True)","(0, False)","([1, 2], 0, True)","(1, True)","([2, 2], 0, False)","(2, True)","([2, 2], 1, True)","(0, False)","([2, 2], 1, True)","(2, True)","([0, 2], 1, True)","(2, True)","([0, 2], 1, False)","(1, False)","([0, 2], 1, True)","(2, False)","([1, 2], 1, False)","(2, True)","([0, 2], 0, True)","(2, False)","([0, 2], 0, True)","(1, False)","([0, 2], 0, True)","(2, False)","([0, 2], 0, True)","(2, True)","([1, 2], 0, True)","(1, True)","([0, 2], 0, False)","(1, True)","([0, 2], 0, False)","(1, False)","([0, 2], 0, False)","(2, True)","([1, 2], 0, True)","(2, True)","([0, 2], 0, False)","(2, False)","([1, 2], 0, True)","(2, True)","([2, 2], 1, False)","(1, False)","([0, 2], 1, True)","(2, True)","([2, 2], 1, False)","(2, True)","([0, 2], 1, True)","(1, False)","([1, 2], 1, False)","(2, False)","([0, 2], 1, True)","(2, False)","([0, 2], 0, True)","(2, False)","([2, 2], 0, False)","(0, True)","([0, 2], 1, False)","(0, False)","([2, 2], 1, True)","(1, False)","([1, 2], 0, False)","(1, False)","([0, 2], 0, True)","(2, False)","([2, 2], 0, False)","(1, True)","([1, 2], 1, True)","(2, False)","([1, 2], 0, True)","(0, False)","([0, 2], 0, False)","(0, True)","([0, 2], 0, True)","(2, True)","([2, 2], 0, False)","(2, False)","([0, 2], 0, True)","(2, True)","([1, 2], 0, False)","(2, False)","([1, 2], 0, False)","(2, True)","([1, 2], 1, False)","(2, True)","([0, 2], 1, False)","(2, False)","([0, 2], 0, False)","(2, True)","([0, 2], 0, False)","(2, True)","([1, 2], 0, True)","(2, False)","([2, 2], 0, True)","(2, False)","([0, 2], 1, False)","(1, True)","([0, 2], 0, True)","(2, True)","([2, 2], 0, False)","(2, True)","([0, 2], 0, False)","(2, False)","([1, 2], 1, False)","(1, False)","([0, 2], 0, False)","(2, False)","([0, 2], 1, False)","(1, False)","([1, 2], 0, True)","(0, True)","([0, 2], 0, False)","(2, True)","([0, 2], 1, True)","(1, False)","([0, 2], 0, False)","(2, True)","([0, 2], 0, False)","(2, True)","([1, 2], 0, False)","(0, True)","([0, 2], 1, False)","(1, True)","([0, 2], 0, True)","(1, False)","([2, 2], 0, False)","(1, False)","([0, 2], 0, True)","(0, True)","([0, 2], 0, False)","(2, False)","([1, 2], 1, False)","(2, True)","([0, 2], 0, True)","(1, True)","([1, 2], 0, True)","(1, False)","([0, 2], 1, True)","(2, False)","([0, 2], 0, False)","(2, True)","([0, 2], 0, True)","(0, True)","([0, 2], 0, True)","(2, False)","([0, 2], 0, False)","(2, False)","([0, 2], 0, True)","(2, True)","([0, 2], 1, False)","(1, True)","([1, 2], 0, True)","(0, False)","([0, 2], 0, False)","(2, True)","([0, 2], 1, True)","(2, True)","([0, 2], 1, True)","(2, False)","([0, 2], 0, False)","(1, True)","([0, 2], 0, True)","(0, True)","([0, 2], 0, True)","(2, True)","([0, 2], 0, True)","(2, False)","([0, 2], 1, True)","(1, True)","([2, 2], 1, True)","(0, False)","([0, 2], 0, False)","[0.3, 0.6]","[('sd82', 0), ('sd38', 0), ('sd56', 1), ('sd69', 1), ('sd16', 2), ('sd49', 1), ('sd83', 1), ('sd36', 1), ('sd51', 1), ('sd76', 0), ('sd55', 1), ('sd72', 1), ('sd15', 1), ('sd86', 1), ('sd21', 0), ('sd87', 1), ('sd11', 0), ('sd29', 2), ('sd5', 1)]"
21,G4.2.3,service21,"(2, False)","([0, 2], 1, False)","(1, False)","([0, 2], 1, True)","(0, True)","([0, 2], 0, False)","(1, False)","([0, 2], 0, False)","(1, True)","([0, 2], 1, False)","(1, True)","([0, 2], 0, False)","(2, True)","([0, 2], 1, False)","(2, False)","([0, 2], 0, False)","(2, False)","([0, 2], 1, False)","(2, True)","([1, 2], 0, True)","(2, True)","([0, 2], 1, True)","(1, False)","([2, 2], 1, True)","(2, True)","([1, 2], 0, True)","(1, True)","([0, 2], 1, False)","(1, False)","([0, 2], 0, False)","(0, False)","([0, 2], 1, False)","(0, False)","([2, 2], 1, True)","(0, False)","([2, 2], 1, True)","(2, False)","([0, 2], 1, True)","(0, True)","([0, 2], 0, True)","(1, True)","([0, 2], 0, True)","(2, True)","([0, 2], 0, True)","(0, True)","([0, 2], 1, False)","(0, True)","([0, 2], 0, False)","(2, True)","([0, 2], 0, True)","(0, False)","([0, 2], 0, True)","(2, False)","([1, 2], 0, False)","(2, False)","([0, 2], 0, True)","(2, False)","([0, 2], 1, False)","(0, False)","([0, 2], 0, False)","(2, False)","([0, 2], 0, False)","(1, False)","([0, 2], 0, False)","(0, True)","([0, 2], 0, False)","(2, False)","([0, 2], 1, False)","(1, False)","([2, 2], 0, False)","(2, False)","([1, 2], 1, False)","(2, False)","([0, 2], 1, False)","(1, True)","([0, 2], 0, True)","(2, True)","([2, 2], 1, False)","(2, True)","([1, 2], 0, True)","(2, True)","([0, 2], 0, True)","(1, True)","([2, 2], 1, True)","(1, False)","([2, 2], 0, False)","(1, True)","([1, 2], 1, False)","(1, True)","([0, 2], 1, False)","(0, False)","([0, 2], 0, False)","(2, True)","([2, 2], 0, False)","(0, False)","([0, 2], 1, False)","(1, False)","([0, 2], 0, True)","(2, False)","([0, 2], 0, False)","(0, False)","([0, 2], 1, False)","(2, True)","([0, 2], 0, True)","(0, False)","([0, 2], 0, True)","(0, True)","([0, 2], 1, True)","(1, True)","([0, 2], 0, True)","(0, False)","([0, 2], 0, False)","(2, True)","([1, 2], 0, False)","(0, True)","([0, 2], 0, False)","(2, True)","([0, 2], 1, False)","(0, False)","([0, 2], 1, False)","(2, True)","([0, 2], 0, False)","(0, False)","([1, 2], 0, False)","(2, False)","([0, 2], 1, True)","(2, True)","([2, 2], 1, True)","(2, False)","([0, 2], 0, True)","(2, False)","([1, 2], 0, True)","(2, True)","([2, 2], 0, False)","(1, False)","([0, 2], 1, False)","(2, False)","([0, 2], 0, True)","(0, False)","([1, 2], 0, False)","(2, True)","([0, 2], 0, True)","(2, True)","([1, 2], 1, False)","(2, True)","([2, 2], 1, False)","(2, False)","([2, 2], 0, False)","(1, False)","([2, 2], 0, True)","(1, True)","([0, 2], 1, False)","(2, False)","([0, 2], 0, False)","(0, False)","([2, 2], 0, True)","(0, True)","([1, 2], 1, True)","(1, True)","([0, 2], 1, False)","(2, False)","([0, 2], 0, True)","(2, False)","([1, 2], 1, False)","(2, False)","([2, 2], 0, True)","(2, False)","([0, 2], 0, True)","(1, True)","([0, 2], 0, True)","(0, True)","([0, 2], 1, False)","(2, True)","([0, 2], 1, False)","(0, False)","([0, 2], 0, True)","(0, False)","([0, 2], 1, True)","(0, True)","([2, 2], 1, False)","(2, True)","([2, 2], 0, False)","(2, True)","([2, 2], 0, True)","(1, True)","([2, 2], 0, True)","(2, False)","([0, 2], 0, False)","(0, False)","([0, 2], 0, True)","(0, True)","([0, 2], 1, True)","(2, False)","([2, 2], 0, False)","(2, False)","([0, 2], 0, False)","(2, True)","([0, 2], 1, True)","(0, False)","([0, 2], 1, True)","[0.3, 0.6]","[('sd27', 1), ('sd17', 1), ('sd43', 2), ('sd74', 2), ('sd28', 1), ('sd76', 1), ('sd58', 1), ('sd87', 1), ('sd20', 0), ('sd1', 2), ('sd72', 1), ('sd70', 1)]"
22,G4.2.3,service22,"(2, False)","([2, 2], 0, False)","(2, False)","([0, 2], 0, False)","(2, False)","([2, 2], 0, True)","(1, True)","([0, 2], 0, False)","(2, True)","([0, 2], 1, False)","(1, False)","([2, 2], 0, True)","(0, False)","([0, 2], 1, False)","(2, True)","([0, 2], 0, True)","(1, True)","([0, 2], 1, False)","(2, False)","([0, 2], 1, False)","(2, False)","([1, 2], 0, True)","(2, False)","([0, 2], 0, False)","(2, False)","([0, 2], 1, True)","(2, True)","([0, 2], 0, False)","(2, False)","([2, 2], 0, False)","(2, True)","([0, 2], 1, False)","(1, True)","([0, 2], 0, False)","(1, True)","([0, 2], 1, False)","(2, True)","([0, 2], 1, False)","(2, True)","([0, 2], 0, True)","(2, False)","([0, 2], 0, False)","(1, False)","([0, 2], 1, False)","(2, True)","([0, 2], 1, True)","(0, False)","([0, 2], 0, False)","(1, True)","([0, 2], 0, True)","(2, False)","([0, 2], 0, True)","(2, False)","([0, 2], 0, False)","(2, True)","([0, 2], 0, True)","(1, False)","([0, 2], 1, True)","(0, True)","([0, 2], 1, False)","(0, False)","([0, 2], 1, False)","(2, True)","([1, 2], 0, False)","(1, True)","([2, 2], 0, True)","(2, True)","([0, 2], 0, True)","(0, False)","([0, 2], 0, False)","(1, True)","([0, 2], 0, True)","(2, False)","([0, 2], 1, True)","(2, True)","([2, 2], 1, False)","(2, True)","([0, 2], 0, False)","(2, False)","([2, 2], 1, False)","(0, True)","([0, 2], 0, False)","(1, False)","([0, 2], 1, False)","(2, False)","([1, 2], 0, False)","(0, True)","([2, 2], 0, True)","(2, True)","([0, 2], 0, False)","(2, True)","([2, 2], 0, False)","(0, True)","([1, 2], 0, True)","(2, True)","([1, 2], 0, True)","(0, False)","([0, 2], 0, True)","(2, True)","([1, 2], 1, True)","(0, False)","([0, 2], 1, True)","(2, True)","([0, 2], 0, True)","(2, True)","([0, 2], 0, False)","(2, False)","([0, 2], 0, True)","(2, True)","([0, 2], 0, False)","(2, True)","([0, 2], 1, True)","(1, False)","([2, 2], 1, False)","(1, False)","([0, 2], 0, False)","(0, True)","([0, 2], 0, True)","(1, False)","([0, 2], 1, False)","(1, False)","([2, 2], 0, False)","(2, False)","([2, 2], 0, True)","(2, True)","([1, 2], 0, False)","(2, False)","([1, 2], 0, False)","(0, False)","([0, 2], 1, False)","(1, True)","([0, 2], 1, True)","(2, True)","([1, 2], 1, False)","(0, True)","([1, 2], 0, False)","(2, False)","([0, 2], 1, True)","(2, False)","([0, 2], 1, False)","(2, False)","([0, 2], 0, False)","(1, False)","([0, 2], 0, False)","(2, True)","([2, 2], 0, False)","(2, False)","([2, 2], 0, False)","(0, False)","([0, 2], 1, False)","(0, True)","([0, 2], 0, True)","(2, True)","([0, 2], 0, False)","(2, False)","([0, 2], 0, True)","(1, False)","([2, 2], 0, False)","(2, False)","([0, 2], 0, False)","(1, False)","([1, 2], 0, True)","(1, True)","([1, 2], 0, True)","(0, False)","([0, 2], 0, False)","(1, False)","([0, 2], 1, False)","(2, False)","([1, 2], 0, False)","(1, True)","([0, 2], 1, False)","(2, False)","([0, 2], 0, True)","(2, False)","([0, 2], 1, True)","(2, True)","([0, 2], 0, True)","(0, False)","([0, 2], 0, False)","(2, True)","([0, 2], 1, True)","(0, False)","([0, 2], 1, True)","(1, True)","([2, 2], 1, True)","(2, True)","([0, 2], 0, True)","(2, False)","([0, 2], 0, True)","(2, False)","([1, 2], 0, True)","(2, True)","([0, 2], 0, False)","(2, True)","([2, 2], 0, False)","(2, False)","([0, 2], 1, False)","(2, False)","([0, 2], 0, False)","[0.3, 0.6]","[('sd64', 1), ('sd78', 2), ('sd42', 1), ('sd26', 1), ('sd2', 1), ('sd60', 2), ('sd92', 0), ('sd83', 0), ('sd8', 2), ('sd19', 1), ('sd52', 1), ('sd56', 2), ('sd71', 0), ('sd18', 1), ('sd43', 1), ('sd55', 1), ('sd36', 1), ('sd58', 1), ('sd4', 1)]"
23,G4.2.3,service23,"(0, False)","([0, 2], 0, False)","(2, True)","([0, 2], 1, True)","(0, True)","([0, 2], 0, False)","(2, False)","([0, 2], 0, False)","(2, False)","([1, 2], 1, True)","(2, True)","([1, 2], 1, False)","(2, True)","([0, 2], 1, True)","(2, True)","([0, 2], 1, False)","(2, False)","([0, 2], 0, False)","(1, True)","([0, 2], 0, False)","(0, True)","([0, 2], 0, True)","(2, False)","([2, 2], 0, False)","(0, False)","([0, 2], 0, True)","(2, False)","([0, 2], 0, True)","(0, False)","([0, 2], 0, False)","(2, False)","([2, 2], 1, False)","(2, False)","([1, 2], 1, False)","(1, True)","([0, 2], 0, True)","(1, False)","([0, 2], 1, True)","(2, False)","([0, 2], 0, False)","(0, True)","([0, 2], 0, False)","(0, True)","([0, 2], 0, True)","(2, False)","([0, 2], 1, True)","(0, False)","([0, 2], 0, True)","(2, False)","([1, 2], 0, True)","(2, True)","([0, 2], 1, False)","(2, True)","([1, 2], 0, False)","(1, True)","([0, 2], 1, False)","(1, False)","([0, 2], 1, True)","(1, False)","([0, 2], 1, True)","(2, False)","([0, 2], 1, True)","(1, True)","([0, 2], 1, False)","(1, False)","([0, 2], 1, False)","(1, False)","([0, 2], 0, True)","(2, False)","([0, 2], 0, True)","(1, True)","([0, 2], 1, False)","(1, False)","([0, 2], 1, True)","(1, False)","([0, 2], 1, True)","(2, False)","([1, 2], 1, False)","(0, True)","([0, 2], 1, True)","(2, True)","([0, 2], 0, False)","(1, True)","([0, 2], 1, False)","(2, False)","([0, 2], 0, False)","(2, False)","([1, 2], 0, True)","(0, True)","([0, 2], 1, True)","(0, True)","([0, 2], 0, False)","(1, True)","([0, 2], 1, False)","(0, False)","([1, 2], 0, True)","(1, False)","([0, 2], 0, False)","(1, True)","([0, 2], 1, False)","(2, True)","([0, 2], 0, False)","(0, False)","([0, 2], 1, True)","(0, False)","([1, 2], 0, True)","(2, True)","([0, 2], 0, True)","(2, False)","([2, 2], 1, False)","(1, False)","([2, 2], 0, False)","(2, True)","([1, 2], 0, True)","(0, True)","([1, 2], 0, True)","(0, False)","([0, 2], 0, False)","(2, True)","([0, 2], 1, True)","(2, False)","([0, 2], 0, True)","(1, True)","([0, 2], 0, False)","(2, True)","([0, 2], 0, False)","(2, False)","([0, 2], 0, True)","(2, True)","([0, 2], 1, False)","(2, True)","([0, 2], 0, False)","(0, False)","([2, 2], 0, False)","(1, True)","([0, 2], 1, True)","(2, True)","([0, 2], 0, False)","(2, False)","([1, 2], 0, False)","(0, True)","([0, 2], 0, False)","(0, False)","([2, 2], 0, False)","(0, False)","([0, 2], 0, True)","(2, True)","([2, 2], 0, False)","(2, True)","([0, 2], 1, False)","(2, True)","([1, 2], 0, False)","(1, False)","([0, 2], 0, False)","(2, True)","([0, 2], 0, False)","(0, True)","([2, 2], 0, False)","(2, False)","([0, 2], 0, False)","(2, False)","([0, 2], 0, False)","(0, False)","([0, 2], 1, True)","(0, True)","([0, 2], 0, True)","(0, False)","([1, 2], 0, True)","(1, False)","([2, 2], 0, True)","(0, False)","([2, 2], 0, True)","(2, False)","([2, 2], 1, False)","(0, True)","([2, 2], 1, False)","(2, False)","([0, 2], 0, True)","(2, True)","([0, 2], 1, False)","(0, False)","([1, 2], 0, False)","(1, True)","([0, 2], 0, False)","(2, True)","([0, 2], 0, False)","(1, True)","([0, 2], 0, False)","(2, True)","([0, 2], 1, True)","(0, True)","([2, 2], 1, False)","(1, False)","([0, 2], 1, True)","(2, True)","([2, 2], 0, True)","(2, True)","([0, 2], 1, False)","(1, False)","([2, 2], 0, True)","[0.3, 0.6]",[]
24,G4.2.3,service24,"(2, True)","([0, 2], 0, True)","(1, True)","([0, 2], 0, False)","(2, True)","([0, 2], 1, False)","(0, False)","([1, 2], 1, False)","(0, True)","([0, 2], 0, False)","(2, False)","([2, 2], 1, True)","(2, True)","([0, 2], 0, True)","(2, True)","([2, 2], 0, True)","(1, True)","([0, 2], 0, False)","(2, False)","([0, 2], 1, False)","(2, False)","([0, 2], 1, True)","(2, True)","([0, 2], 1, False)","(2, True)","([0, 2], 0, True)","(2, True)","([2, 2], 0, False)","(2, False)","([0, 2], 0, False)","(1, False)","([0, 2], 0, True)","(2, True)","([0, 2], 0, False)","(1, False)","([0, 2], 0, False)","(1, True)","([2, 2], 0, True)","(1, True)","([0, 2], 0, True)","(1, False)","([0, 2], 0, True)","(2, False)","([0, 2], 0, False)","(1, False)","([1, 2], 1, False)","(2, False)","([0, 2], 0, False)","(2, True)","([1, 2], 1, True)","(0, False)","([1, 2], 0, True)","(0, False)","([0, 2], 0, True)","(0, True)","([0, 2], 0, True)","(0, False)","([0, 2], 0, True)","(2, True)","([0, 2], 0, False)","(2, True)","([2, 2], 1, True)","(0, True)","([2, 2], 0, False)","(0, False)","([0, 2], 0, True)","(2, True)","([0, 2], 1, False)","(2, False)","([2, 2], 1, True)","(1, True)","([0, 2], 1, True)","(2, False)","([0, 2], 0, False)","(2, False)","([0, 2], 1, False)","(2, False)","([0, 2], 1, False)","(1, True)","([0, 2], 0, True)","(1, False)","([1, 2], 0, False)","(2, False)","([0, 2], 0, True)","(0, False)","([0, 2], 0, False)","(2, False)","([1, 2], 0, True)","(2, False)","([0, 2], 0, False)","(1, False)","([0, 2], 0, False)","(1, False)","([2, 2], 1, True)","(2, True)","([0, 2], 1, False)","(1, False)","([0, 2], 0, False)","(0, True)","([0, 2], 1, True)","(0, True)","([0, 2], 0, False)","(2, False)","([1, 2], 0, False)","(2, True)","([1, 2], 1, True)","(0, True)","([0, 2], 1, False)","(2, False)","([0, 2], 0, False)","(2, False)","([1, 2], 0, True)","(2, False)","([2, 2], 0, False)","(0, False)","([0, 2], 0, False)","(2, True)","([2, 2], 0, True)","(1, False)","([2, 2], 1, False)","(1, True)","([0, 2], 0, True)","(1, True)","([0, 2], 1, False)","(1, False)","([1, 2], 0, True)","(2, False)","([0, 2], 0, False)","(1, True)","([1, 2], 0, True)","(0, True)","([0, 2], 0, False)","(1, True)","([0, 2], 0, True)","(2, False)","([2, 2], 0, False)","(2, False)","([0, 2], 0, True)","(1, False)","([1, 2], 1, True)","(2, False)","([0, 2], 0, True)","(2, False)","([0, 2], 0, True)","(0, False)","([0, 2], 0, False)","(2, False)","([0, 2], 0, True)","(0, False)","([1, 2], 0, False)","(2, False)","([2, 2], 1, True)","(2, True)","([1, 2], 0, True)","(0, False)","([0, 2], 0, False)","(2, False)","([2, 2], 0, True)","(0, False)","([0, 2], 0, True)","(1, False)","([0, 2], 1, True)","(0, True)","([2, 2], 0, True)","(1, True)","([0, 2], 0, True)","(2, False)","([0, 2], 0, True)","(1, True)","([0, 2], 1, True)","(0, True)","([0, 2], 1, True)","(1, False)","([0, 2], 1, True)","(2, False)","([1, 2], 0, False)","(2, False)","([2, 2], 0, True)","(2, False)","([2, 2], 0, False)","(1, False)","([0, 2], 1, True)","(2, False)","([0, 2], 1, False)","(1, False)","([0, 2], 0, True)","(0, False)","([0, 2], 1, False)","(1, False)","([0, 2], 0, True)","(0, False)","([0, 2], 0, False)","(2, True)","([0, 2], 0, True)","(2, True)","([1, 2], 0, True)","(2, True)","([0, 2], 0, False)","(2, False)","([0, 2], 1, True)","[0.3, 0.6]","[('sd82', 0), ('sd80', 2), ('sd1', 0), ('sd13', 1), ('sd39', 0), ('sd26', 1), ('sd70', 1), ('sd59', 2), ('sd17', 2), ('sd18', 0), ('sd87', 1), ('sd41', 1), ('sd60', 2), ('sd20', 0)]"
